ID,LoanApproved
0,0.9984915
1,0.0015136964
2,0.9995189
3,0.99884015
4,0.9971601
5,0.0004540358
6,0.99969506
7,0.99881905
8,0.7149567
9,0.00044151462
10,0.9916351
11,0.8784143
12,0.18209252
13,0.99931884
14,0.99225885
15,0.01254804
16,0.9998628
17,0.9968035
18,0.0002692547
19,0.00018240469
20,0.000319238
21,0.99953926
22,0.008176502
23,0.49029368
24,0.19526778
25,0.99937207
26,0.997661
27,0.99952674
28,0.0028548788
29,0.00034833484
30,0.9936893
31,0.013216919
32,0.9869075
33,0.9880157
34,0.99760616
35,0.99971265
36,0.0033847257
37,0.02963601
38,0.87337357
39,0.0009790377
40,0.00019041424
41,0.81661737
42,0.006202985
43,0.999529
44,0.6850128
45,0.99768484
46,0.99161947
47,0.00044129728
48,0.99983585
49,0.99960965
50,0.0010022068
51,0.027085613
52,0.040116884
53,0.998565
54,0.88878447
55,0.7426322
56,0.045395788
57,0.999451
58,0.9982249
59,0.0010348073
60,0.0029330992
61,0.0027922369
62,0.99713147
63,0.00029573092
64,0.99748564
65,0.9972881
66,0.0018837615
67,0.00039706015
68,0.9993148
69,0.00039161355
70,0.99958605
71,0.9995548
72,0.00083296077
73,0.053938646
74,0.0056525255
75,0.0003472973
76,0.0003048995
77,0.99974245
78,0.0039920886
79,0.0031950169
80,0.00021430397
81,0.7902095
82,0.0007562909
83,0.9970751
84,0.00041541655
85,0.00036847635
86,0.0011210558
87,0.99951863
88,0.98842174
89,0.05083839
90,0.9936358
91,0.9890125
92,0.8848992
93,0.99978095
94,0.9858115
95,0.9975319
96,0.9984359
97,0.00027957186
98,0.8995595
99,0.010984052
100,0.99949646
101,0.9994887
102,0.00048519165
103,0.00033269436
104,0.9996375
105,0.00053347874
106,0.0018549918
107,0.0002741453
108,0.99772924
109,0.00026230759
110,0.0002946196
111,0.00028837787
112,0.00060424994
113,0.003099613
114,0.0008570395
115,0.98422223
116,0.00048863643
117,0.0007627543
118,0.9367557
119,0.9765866
120,0.9973181
121,0.0010025058
122,0.83836615
123,0.17352776
124,0.96516687
125,0.0025571573
126,0.9978503
127,0.9997241
128,0.99929786
129,0.0040444266
130,0.99953604
131,0.0004939669
132,0.00017871261
133,0.00032080038
134,0.9998373
135,0.95039123
136,0.99980074
137,0.14242947
138,0.9998952
139,0.9416117
140,0.046502907
141,0.85992235
142,0.99963796
143,0.99872476
144,0.012060521
145,0.9997788
146,0.049282167
147,0.0010217885
148,0.00045547023
149,0.001144414
150,0.8314547
151,0.988467
152,0.0003293112
153,0.98020935
154,0.00022653499
155,0.99978966
156,0.0018900101
157,0.002685024
158,0.00030102622
159,0.001498722
160,0.7138116
161,0.9142393
162,0.00019933835
163,0.045159467
164,0.98325366
165,0.013033034
166,0.49680522
167,0.41759756
168,0.9981243
169,0.99408203
170,0.9164017
171,0.1640768
172,0.012486329
173,0.9917006
174,0.9760177
175,0.005682999
176,0.94701725
177,0.996906
178,0.9474413
179,0.00022780318
180,0.24424227
181,0.99979097
182,0.0097686015
183,0.0033288084
184,0.0005500386
185,0.00056664075
186,0.0001437274
187,0.5630424
188,0.99920624
189,0.9998684
190,0.99946517
191,0.0003604553
192,0.05817523
193,0.9997501
194,0.0008725338
195,0.9994492
196,0.99931145
197,0.001226195
198,0.0035648285
199,0.9935334
200,0.99965894
201,0.25241467
202,0.996879
203,0.999637
204,0.00023202243
205,0.004675363
206,0.0001349521
207,0.8825966
208,0.0011072293
209,0.98190373
210,0.94335127
211,0.9966313
212,0.00062228774
213,0.13751873
214,0.9955317
215,0.012392558
216,0.0011308263
217,0.13512291
218,0.17788203
219,0.9879633
220,0.99945754
221,0.9985942
222,0.9980348
223,0.066015266
224,0.99786854
225,0.0026978874
226,0.00059391133
227,0.99857485
228,0.63296694
229,0.999423
230,0.9134936
231,0.043774493
232,0.7666746
233,0.35043728
234,0.0020311465
235,0.01645458
236,0.9994879
237,0.011339015
238,0.028133215
239,0.9983506
240,0.00067560165
241,0.0002672985
242,0.016680816
243,0.00027989136
244,0.00038066978
245,0.0005197062
246,0.99986863
247,0.9963695
248,0.0003055385
249,0.9997931
250,0.009418571
251,0.998095
252,0.8364148
253,0.003026603
254,0.056893703
255,0.99972767
256,0.5118491
257,0.00057599985
258,0.038095757
259,0.9995678
260,0.0016075218
261,0.0022503724
262,0.99963844
263,0.00033008883
264,0.0013064537
265,0.99916756
266,0.94764656
267,0.9898762
268,0.0011952991
269,0.00029131144
270,0.984502
271,0.00021190516
272,0.999619
273,0.11155155
274,0.85060537
275,0.77864903
276,0.00043662067
277,0.69399905
278,0.11462079
279,0.9988431
280,0.0014892819
281,0.0021826427
282,0.1655256
283,0.28990686
284,0.9933282
285,0.99974555
286,0.99770206
287,0.00021902064
288,0.018945005
289,0.9850344
290,0.91163814
291,0.95357287
292,0.01698125
293,0.003756104
294,0.9997305
295,0.00075378583
296,0.00014311541
297,0.9834721
298,0.9246559
299,0.0007138253
300,0.02476523
301,0.00012819594
302,0.59679276
303,0.9959561
304,0.016756909
305,0.9997814
306,0.99856746
307,0.00043595166
308,0.8210523
309,0.98480874
310,0.00033603565
311,0.0019764446
312,0.1557298
313,0.50189394
314,0.00086044054
315,0.0002998238
316,0.9926917
317,0.9990293
318,0.0025912381
319,0.9976234
320,0.9996433
321,0.7864396
322,0.00032637667
323,0.0006134418
324,0.00038696284
325,0.36477053
326,0.00047440274
327,0.9997619
328,0.98776907
329,0.99970824
330,0.989773
331,0.00609303
332,0.9982108
333,0.014252801
334,0.022976317
335,0.0015990112
336,0.0016443657
337,0.99915373
338,0.9824357
339,0.12917893
340,0.007823388
341,0.00013256629
342,0.00013225872
343,0.0033807645
344,0.9985024
345,0.99979323
346,0.5059913
347,0.9577249
348,0.99332833
349,0.993234
350,0.9121654
351,0.9984785
352,0.38640437
353,0.99956495
354,0.99927205
355,0.9943672
356,0.9998821
357,0.99981874
358,0.9901244
359,0.000888052
360,0.99801314
361,0.99947816
362,0.9916779
363,0.0012249501
364,0.008918832
365,0.18655539
366,0.004241964
367,0.9983083
368,0.0022383651
369,0.7543264
370,0.99917716
371,0.9995577
372,0.99940896
373,0.00027710185
374,0.22068068
375,0.99107623
376,0.99983585
377,0.00096185785
378,0.98538524
379,0.0020299011
380,0.9902677
381,0.9679902
382,0.0002420223
383,0.00029867774
384,0.49810252
385,0.00077532197
386,0.9993463
387,0.6824814
388,0.41253313
389,0.98469234
390,0.00041519917
391,0.0002520699
392,0.0043071806
393,0.9997305
394,0.0003083604
395,0.00039174498
396,0.99932134
397,0.99636734
398,0.00043052732
399,0.9837699
400,0.07297865
401,0.00047522897
402,0.99952054
403,0.00020316103
404,0.0002128072
405,0.16971926
406,0.9996538
407,0.0010720693
408,0.08966676
409,0.99901795
410,0.97312295
411,0.9997689
412,0.9996513
413,0.7369034
414,0.00041634106
415,0.9753411
416,0.0072600273
417,0.9982274
418,0.9997787
419,0.9927914
420,0.9998511
421,0.99909353
422,0.9995702
423,0.033028677
424,0.99966204
425,0.0752093
426,0.99135584
427,0.99894935
428,0.018058524
429,0.9992348
430,0.0027023607
431,0.9995889
432,0.0004258326
433,0.00039552807
434,0.00024943816
435,0.0023449478
436,0.9996352
437,0.00015498548
438,0.77739286
439,0.008169931
440,0.0008671378
441,0.9896885
442,0.00037575403
443,0.00024781932
444,0.0003927763
445,0.0001881394
446,0.0003429446
447,0.013807612
448,0.022011155
449,0.0008646185
450,0.001186406
451,0.0009589618
452,0.9995346
453,0.008963613
454,0.03457262
455,0.019195743
456,0.95716363
457,0.08873755
458,0.97609097
459,0.15817186
460,0.99642366
461,0.9914125
462,0.99985373
463,0.051060356
464,0.9997223
465,0.019280873
466,0.99972147
467,0.0067559844
468,0.9380177
469,0.00033083107
470,0.007958271
471,0.00029451904
472,0.9962115
473,0.99924266
474,0.9997938
475,0.00045397913
476,0.99970216
477,0.00025475927
478,0.99948525
479,0.03542021
480,0.0058808927
481,0.97321147
482,0.0033654687
483,0.98665667
484,0.999723
485,0.017140273
486,0.0009177751
487,0.9983462
488,0.00066387764
489,0.99969804
490,0.00025560887
491,0.9995409
492,0.00037911374
493,0.9931219
494,0.0004894632
495,0.9997478
496,0.0003277614
497,0.0005643357
498,0.8645331
499,0.9997284
500,0.11264857
501,0.8327836
502,0.00039287627
503,0.9993531
504,0.6988119
505,0.013953263
506,0.082227185
507,0.00026900196
508,0.9997571
509,0.0020013656
510,0.44639668
511,0.057091366
512,0.9997348
513,0.00019646663
514,0.0004957263
515,0.9998332
516,0.86214644
517,0.22963186
518,0.99811757
519,0.89155394
520,0.03055723
521,0.00050984323
522,0.00069311087
523,0.9435599
524,0.7771758
525,0.00040593083
526,0.15283324
527,0.09826605
528,0.9752016
529,0.9996855
530,0.9987619
531,0.9977642
532,0.15315865
533,0.00064174476
534,0.11793403
535,0.99672216
536,0.03201458
537,0.001464762
538,0.00017041687
539,0.00028765926
540,0.00018840219
541,0.99761665
542,0.0005002655
543,0.02826139
544,0.031499255
545,0.00031250616
546,0.00063116464
547,0.018203575
548,0.0005669351
549,0.00018775409
550,0.82265013
551,0.98347694
552,0.0005769127
553,0.996612
554,0.0024591216
555,0.18740943
556,0.18532342
557,0.9873354
558,0.00015026808
559,0.99658644
560,0.97591734
561,0.0010906975
562,0.00064751983
563,0.002581873
564,0.99963367
565,0.01698086
566,0.080123566
567,0.9864166
568,0.0077994033
569,0.9989837
570,0.00048673654
571,0.9984835
572,0.00029381117
573,0.0019106115
574,0.69977134
575,0.83359003
576,0.25026253
577,0.9966066
578,0.0011531486
579,0.9595137
580,0.9985141
581,0.9994611
582,0.00018907922
583,0.16065255
584,0.9994816
585,0.99918276
586,0.00014772743
587,0.19811174
588,0.25740632
589,0.996579
590,0.00034555583
591,0.9974546
592,0.0030318939
593,0.0018077821
594,0.00056066294
595,0.9993605
596,0.00026401598
597,0.9311039
598,0.006002011
599,0.030829953
600,0.9918909
601,0.00039098682
602,0.0007087073
603,0.048754938
604,0.003663771
605,0.9941551
606,0.97257125
607,0.006499215
608,0.9996294
609,0.98814595
610,0.08786472
611,0.9551075
612,0.9541556
613,0.8976584
614,0.984462
615,0.9989197
616,0.9995933
617,0.9937075
618,0.5018435
619,0.9054692
620,0.9977081
621,0.0024595545
622,0.004080207
623,0.046964552
624,0.5945713
625,0.0002830272
626,0.86762553
627,0.0005702687
628,0.00050042366
629,0.99975663
630,0.9750344
631,0.9978527
632,0.00045383116
633,0.99927527
634,0.99946016
635,0.90547484
636,0.88086504
637,0.008033556
638,0.9987865
639,0.003255388
640,0.0001794939
641,0.5160675
642,0.9919934
643,0.004335899
644,0.0010773835
645,0.99593
646,0.00019151255
647,0.0002206156
648,0.0036205035
649,0.00042272903
650,0.999711
651,0.9998343
652,0.9974578
653,0.9982603
654,0.99368227
655,0.9366189
656,0.9715722
657,0.00025377164
658,0.8235411
659,0.99432665
660,0.6784834
661,0.99988973
662,0.9992537
663,0.99296147
664,0.21187857
665,0.004771342
666,0.9885887
667,0.98762053
668,0.10531987
669,0.9688676
670,0.999228
671,0.99955446
672,0.9998833
673,0.8867269
674,0.988218
675,0.007662821
676,0.6898581
677,0.99829286
678,0.9425599
679,0.00018593762
680,0.0020113478
681,0.97441703
682,0.946025
683,0.8837608
684,0.9985777
685,0.050135896
686,0.00057271717
687,0.9995814
688,0.00012046421
689,0.011825996
690,0.57926667
691,0.0038240766
692,0.0001609408
693,0.8523322
694,0.9993936
695,0.00018413064
696,0.010033775
697,0.00018187326
698,0.0004708174
699,0.9924544
700,0.00053687143
701,0.93402755
702,0.9990268
703,0.99977964
704,0.9995654
705,0.9998085
706,0.35861936
707,0.00083239976
708,0.00025695525
709,0.83523715
710,0.10405745
711,0.1387119
712,0.99987423
713,0.0040938845
714,0.0002423465
715,0.9998474
716,0.99829775
717,0.008631736
718,0.9324718
719,0.9991486
720,0.011677178
721,0.003808912
722,0.9998511
723,0.99278146
724,0.0008616622
725,0.40388176
726,0.98101896
727,0.90656036
728,0.0003478183
729,0.99962974
730,0.9761885
731,0.005270036
732,0.9944072
733,0.7481766
734,0.38480312
735,0.99943894
736,0.001773367
737,0.024506759
738,0.9983209
739,0.99946874
740,0.9977041
741,0.0013153796
742,0.9766989
743,0.54524577
744,0.999655
745,0.27317125
746,0.3631448
747,0.0007343181
748,0.9775957
749,0.9985367
750,0.0014387826
751,0.18320441
752,0.0009552048
753,0.82727647
754,0.6580851
755,0.37008905
756,0.9992817
757,0.0002058307
758,0.0002939706
759,0.045895845
760,0.9997576
761,0.7758843
762,0.992808
763,0.9926127
764,0.00022561889
765,0.00045366568
766,0.99962664
767,0.00029493068
768,0.98759335
769,0.22798127
770,0.98634815
771,0.00038973556
772,0.010438809
773,0.99961025
774,0.9894512
775,0.97774464
776,0.99850357
777,0.9962942
778,0.997719
779,0.9995871
780,0.22455397
781,0.11658596
782,0.00029888455
783,0.000163246
784,0.9992198
785,0.9845946
786,0.13404836
787,0.00027853454
788,0.0059074108
789,0.90542305
790,0.0004351572
791,0.9995546
792,0.98671174
793,0.9983884
794,0.00022717826
795,0.7982806
796,0.973231
797,0.99974865
798,0.0005675025
799,0.00016595062
800,0.00048950425
801,0.89760095
802,0.99654406
803,0.007928402
804,0.0029901878
805,0.0010457733
806,0.0018344914
807,0.031151531
808,0.00089747575
809,0.026541954
810,0.00021267716
811,0.55526376
812,0.9998425
813,0.00036672133
814,0.9977641
815,0.00038112947
816,0.9997799
817,0.2680224
818,0.00082139246
819,0.9997414
820,0.99951077
821,0.3560291
822,0.69547814
823,0.0018419377
824,0.00043623935
825,0.00030249197
826,0.37346765
827,0.07781279
828,0.99948406
829,0.62557364
830,0.93341666
831,0.00082027516
832,0.99729174
833,0.033843394
834,0.9961281
835,0.018475767
836,0.99383473
837,0.9972262
838,0.98563135
839,0.4740687
840,0.055292282
841,0.00041553358
842,0.02097053
843,0.9947901
844,0.00027905125
845,0.9160259
846,0.9863008
847,0.9997602
848,0.0026477114
849,0.62879723
850,0.99954706
851,0.001108632
852,0.0010876615
853,0.8864301
854,0.9996119
855,0.99870884
856,0.000919945
857,0.99939394
858,0.9461332
859,0.0075451774
860,0.9985839
861,0.678289
862,0.70845824
863,0.99964416
864,0.9997973
865,0.013529539
866,0.00075163826
867,0.8744926
868,0.23737365
869,0.0009859627
870,0.9977908
871,0.9987618
872,0.0423702
873,0.030789576
874,0.99932873
875,0.024671929
876,0.99957174
877,0.99952066
878,0.6992431
879,0.9998053
880,0.9645166
881,0.9991442
882,0.12775423
883,0.9997234
884,0.6301017
885,0.9995914
886,0.0022484686
887,0.00058183155
888,0.0007971408
889,0.48051885
890,0.999705
891,0.9935382
892,0.0002294448
893,0.9980415
894,0.98871917
895,0.99965703
896,0.53290373
897,0.010875801
898,0.0026588799
899,0.019278804
900,0.99946827
901,0.0006892679
902,0.00028922127
903,0.0022169012
904,0.022864886
905,0.0013923025
906,0.9879913
907,0.00024802214
908,0.50790495
909,0.0031350818
910,0.658047
911,0.00030320458
912,0.00026600016
913,0.009227243
914,0.99974185
915,0.096330315
916,0.015426421
917,0.0070182825
918,0.9996025
919,0.98247564
920,0.9981993
921,0.9993537
922,0.0048089926
923,0.9976427
924,0.0022702753
925,0.00029707688
926,0.101949334
927,0.9939644
928,0.7613539
929,0.99961084
930,0.99868673
931,0.9996954
932,0.99940276
933,0.9194943
934,0.9872953
935,0.063347556
936,0.0034608142
937,0.9983485
938,0.000276507
939,0.00056722
940,0.00083021354
941,0.7310485
942,0.8414022
943,0.088751175
944,0.9989613
945,0.00017613595
946,0.9954261
947,0.06795804
948,0.075391695
949,0.19312604
950,0.9844158
951,0.009087884
952,0.0056974106
953,0.072055794
954,0.89462614
955,0.0010508577
956,0.000806869
957,0.06280502
958,0.91319454
959,0.9956552
960,0.99954754
961,0.572982
962,0.90002036
963,0.00022948722
964,0.003920443
965,0.99959534
966,0.99563664
967,0.00026250325
968,0.9997321
969,0.99972135
970,0.0069422503
971,0.992766
972,0.9998198
973,0.9066436
974,0.9997795
975,0.7810663
976,0.10619365
977,0.00031643087
978,0.00025810066
979,0.9998503
980,0.030887583
981,0.3958034
982,0.00023913423
983,0.99850035
984,0.00518428
985,0.7883366
986,0.99260956
987,0.00014217282
988,0.9978313
989,0.00020417901
990,0.83994234
991,0.010035134
992,0.54204696
993,0.9996617
994,0.0034724753
995,0.9994979
996,0.9991498
997,0.99594444
998,0.0008028724
999,0.99923134
1000,0.99040073
1001,0.06115899
1002,0.93538475
1003,0.0010421437
1004,0.0024586713
1005,0.99979025
1006,0.00078117586
1007,0.9994783
1008,0.26777363
1009,0.99898165
1010,0.0030222423
1011,0.9983889
1012,0.9734995
1013,0.079498775
1014,0.2817756
1015,0.00016489507
1016,0.8591836
1017,0.6662558
1018,0.9988967
1019,0.00032065084
1020,0.99903035
1021,0.9622487
1022,0.8294597
1023,0.0003356143
1024,0.0013506532
1025,0.96926785
1026,0.9996344
1027,0.9990625
1028,0.999859
1029,0.9996501
1030,0.0036278937
1031,0.99885464
1032,0.9993905
1033,0.99974114
1034,0.99956876
1035,0.000485413
1036,0.0002127518
1037,0.00019925399
1038,0.0067629637
1039,0.00036589825
1040,0.00235743
1041,0.9986193
1042,0.00022889592
1043,0.0008286107
1044,0.99845815
1045,0.00065764424
1046,0.71941924
1047,0.99832934
1048,0.03082121
1049,0.99890745
1050,0.987339
1051,0.0005861877
1052,0.81917006
1053,0.018754445
1054,0.00055492454
1055,0.8751682
1056,0.99874
1057,0.9992036
1058,0.12046566
1059,0.99965036
1060,0.00036434198
1061,0.60643655
1062,0.00056287245
1063,0.0061294907
1064,0.41666043
1065,0.46379182
1066,0.007730972
1067,0.77643096
1068,0.97264695
1069,0.96334183
1070,0.026396584
1071,0.9998342
1072,0.0031116593
1073,0.9111536
1074,0.41593966
1075,0.9837795
1076,0.00036608786
1077,0.9850898
1078,0.0008298983
1079,0.0104494635
1080,0.9995975
1081,0.9984641
1082,0.99392265
1083,0.0011820783
1084,0.2533518
1085,0.99962354
1086,0.99978954
1087,0.0017239362
1088,0.9992513
1089,0.9990038
1090,0.99965215
1091,0.00030452706
1092,0.00022963168
1093,0.99977297
1094,0.98161465
1095,0.0003839735
1096,0.96488637
1097,0.00029905897
1098,0.0018043194
1099,0.00011757506
1100,0.98831266
1101,0.9979163
1102,0.07854407
1103,0.9996309
1104,0.0007515928
1105,0.99623674
1106,0.017213125
1107,0.006030043
1108,0.99952805
1109,0.003768574
1110,0.9698841
1111,0.11006909
1112,0.0022093179
1113,0.99870706
1114,0.0008449877
1115,0.0037332133
1116,0.025616663
1117,0.9997892
1118,0.013105775
1119,0.12911092
1120,0.9972083
1121,0.9915963
1122,0.9989324
1123,0.93563837
1124,0.029123522
1125,0.999705
1126,0.27635944
1127,0.3813025
1128,0.9552486
1129,0.9968867
1130,0.0014964738
1131,0.00043185928
1132,0.8329256
1133,0.9932429
1134,0.00033925442
1135,0.91174835
1136,0.8982257
1137,0.6556859
1138,0.019293267
1139,0.74963766
1140,0.45337406
1141,0.625747
1142,0.00023619368
1143,0.99978834
1144,0.0011384847
1145,0.00035632905
1146,0.9978935
1147,0.122895345
1148,0.9995478
1149,0.0001760849
1150,0.9944155
1151,0.99451846
1152,0.9976186
1153,0.0008361389
1154,0.99971527
1155,0.8877085
1156,0.9962417
1157,0.00068001624
1158,0.22687851
1159,0.01418097
1160,0.99968123
1161,0.0008822692
1162,0.001053485
1163,0.99907494
1164,0.00073325
1165,0.00036660107
1166,0.00041109908
1167,0.000817044
1168,0.99927694
1169,0.1114392
1170,0.9994118
1171,0.000557648
1172,0.9985862
1173,0.022909557
1174,0.09997745
1175,0.37260136
1176,0.65793943
1177,0.003790944
1178,0.9090533
1179,0.9996159
1180,0.90825796
1181,0.000321996
1182,0.24401577
1183,0.8872955
1184,0.9938408
1185,0.9922828
1186,0.0010626586
1187,0.03187026
1188,0.99938107
1189,0.9992976
1190,0.99964714
1191,0.025546541
1192,0.9800331
1193,0.9681599
1194,0.5909829
1195,0.88499105
1196,0.99965334
1197,0.00021112004
1198,0.9989749
1199,0.11426741
1200,0.00045893065
1201,0.99969363
1202,0.00023604983
1203,0.002036833
1204,0.00016039953
1205,0.99947196
1206,0.9992142
1207,0.13285342
1208,0.9912038
1209,0.0026708103
1210,0.6934773
1211,0.011047419
1212,0.0006039669
1213,0.9800561
1214,0.0001612437
1215,0.0004506179
1216,0.9992774
1217,0.037558082
1218,0.9994873
1219,0.0034525143
1220,0.40225
1221,0.46529803
1222,0.99261767
1223,0.9971831
1224,0.9996214
1225,0.15991597
1226,0.00014421847
1227,0.003744773
1228,0.87144256
1229,0.008785153
1230,0.039776444
1231,0.9998313
1232,0.3081627
1233,0.0050834967
1234,0.000598624
1235,0.9923288
1236,0.00016666659
1237,0.012312413
1238,0.99702483
1239,0.99961036
1240,0.99738675
1241,0.008174036
1242,0.99744844
1243,0.9987772
1244,0.00017787839
1245,0.009577973
1246,0.06857061
1247,0.937945
1248,0.000511436
1249,0.9996865
1250,0.949979
1251,0.9997795
1252,0.9990331
1253,0.9991861
1254,0.00029175004
1255,0.08993849
1256,0.19408952
1257,0.0004084066
1258,0.0030499264
1259,0.0002628799
1260,0.032505017
1261,0.99974555
1262,0.98282397
1263,0.00036401217
1264,0.99969256
1265,0.00069378794
1266,0.9617697
1267,0.000720207
1268,0.82876587
1269,0.0047618775
1270,0.59038
1271,0.9976878
1272,0.9982596
1273,0.89416116
1274,0.00046754704
1275,0.00022144172
1276,0.0039093867
1277,0.9989998
1278,0.5503196
1279,0.9979564
1280,0.00017301823
1281,0.007621765
1282,0.9799432
1283,0.9917721
1284,0.0013423318
1285,0.0001469634
1286,0.5406779
1287,0.9868858
1288,0.98344433
1289,0.0069020237
1290,0.9978986
1291,0.00018927023
1292,0.02028961
1293,0.9995958
1294,0.0013463367
1295,0.0002386789
1296,0.9969518
1297,0.9759024
1298,0.9864466
1299,0.013522228
1300,0.8673911
1301,0.000216824
1302,0.0005845624
1303,0.009652865
1304,0.003340674
1305,0.44460467
1306,0.93508977
1307,0.9996464
1308,0.0009056734
1309,0.9540494
1310,0.076044805
1311,0.092077255
1312,0.00047374843
1313,0.97070116
1314,0.9972855
1315,0.9997298
1316,0.9993793
1317,0.045429878
1318,0.99968135
1319,0.9995988
1320,0.99640673
1321,0.9553246
1322,0.00033779436
1323,0.00042253363
1324,0.7511778
1325,0.0277588
1326,0.2062943
1327,0.9937257
1328,0.009995076
1329,0.99898237
1330,0.0086948015
1331,0.010848617
1332,0.9894057
1333,0.68155557
1334,0.00028461535
1335,0.00036801925
1336,0.00049441255
1337,0.99828255
1338,0.10956883
1339,0.6058309
1340,0.99950147
1341,0.9997836
1342,0.9997378
1343,0.9971455
1344,0.99859315
1345,0.9980447
1346,0.33922583
1347,0.9997658
1348,0.0018490226
1349,0.014374531
1350,0.9994325
1351,0.0144483475
1352,0.9996939
1353,0.008162256
1354,0.0006694669
1355,0.9826266
1356,0.000648805
1357,0.9599841
1358,0.9996075
1359,0.9993856
1360,0.029269706
1361,0.0025992056
1362,0.97480416
1363,0.9993061
1364,0.9990507
1365,0.61049676
1366,0.43526956
1367,0.9988887
1368,0.005636459
1369,0.9114545
1370,0.99601835
1371,0.9996711
1372,0.99929607
1373,0.00075825193
1374,0.9993888
1375,0.9994874
1376,0.00032464162
1377,0.9988914
1378,0.0017230174
1379,0.9997522
1380,0.9967789
1381,0.9436303
1382,0.9994949
1383,0.999483
1384,0.0005791266
1385,0.012519494
1386,0.0006380766
1387,0.98704576
1388,0.99937916
1389,0.9975286
1390,0.00021523962
1391,0.99884593
1392,0.00015942656
1393,0.029653607
1394,0.9903377
1395,0.018551312
1396,0.9992446
1397,0.72839624
1398,0.0343571
1399,0.99945873
1400,0.99941325
1401,0.99693334
1402,0.99389464
1403,0.9993543
1404,0.19030349
1405,0.00016276154
1406,0.9988071
1407,0.99765944
1408,0.11591764
1409,0.00029970147
1410,0.99951625
1411,0.87083954
1412,0.0012822235
1413,0.9972149
1414,0.015501551
1415,0.00031544414
1416,0.0005429154
1417,0.9995478
1418,0.0011416281
1419,0.00051568676
1420,0.02034597
1421,0.0008009204
1422,0.00029495967
1423,0.7569364
1424,0.758806
1425,0.98932004
1426,0.9933962
1427,0.0039447583
1428,0.00081361237
1429,0.9997522
1430,0.010233415
1431,0.99973303
1432,0.9998882
1433,0.0025168841
1434,0.1206279
1435,0.15516576
1436,0.9996275
1437,0.99485874
1438,0.00014910639
1439,0.14410858
1440,0.0026444974
1441,0.998214
1442,0.9982287
1443,0.99962986
1444,0.992661
1445,0.9995291
1446,0.7775296
1447,0.0020348113
1448,0.0119592445
1449,0.9768907
1450,0.045516465
1451,0.9803838
1452,0.9969362
1453,0.15094785
1454,0.996225
1455,0.00057820167
1456,0.0002180083
1457,0.00031558488
1458,0.95955664
1459,0.00050070346
1460,0.9996717
1461,0.0008100264
1462,0.0046010693
1463,0.17664719
1464,0.005011554
1465,0.8739552
1466,0.44437617
1467,0.1607863
1468,0.9917476
1469,0.9996567
1470,0.97645205
1471,0.9988129
1472,0.99882406
1473,0.00069464074
1474,0.571823
1475,0.017098792
1476,0.98364097
1477,0.75279903
1478,0.0016990732
1479,0.0016112132
1480,0.7895849
1481,0.52578217
1482,0.9990283
1483,0.0015105918
1484,0.99625766
1485,0.0216967
1486,0.003694713
1487,0.9996051
1488,0.9934882
1489,0.99949455
1490,0.89838886
1491,0.7257423
1492,0.0010269817
1493,0.00018038884
1494,0.052397273
1495,0.0018350781
1496,0.00881752
1497,0.981135
1498,0.00059489283
1499,0.0070732962
1500,0.00065031555
1501,0.7104084
1502,0.00082501885
1503,0.06635167
1504,0.00062454765
1505,0.9993387
1506,0.00024150274
1507,0.9833882
1508,0.91644603
1509,0.9984633
1510,0.98365664
1511,0.00024189909
1512,0.08665939
1513,0.99975353
1514,0.9995586
1515,0.00063302316
1516,0.00012966013
1517,0.9994217
1518,0.001067977
1519,0.92908984
1520,0.9988882
1521,0.9974934
1522,0.25316527
1523,0.9305462
1524,0.6851097
1525,0.99930847
1526,0.9980413
1527,0.99013966
1528,0.9983284
1529,0.90556556
1530,0.0010628828
1531,0.0031894632
1532,0.00038676537
1533,0.3302055
1534,0.030549353
1535,0.99948776
1536,0.0011894448
1537,0.6030564
1538,0.99846625
1539,0.016875377
1540,0.0003444402
1541,0.014916323
1542,0.0033966494
1543,0.0010174419
1544,0.0032424433
1545,0.8541595
1546,0.97584915
1547,0.06281114
1548,0.00020067327
1549,0.99834704
1550,0.9986853
1551,0.9996526
1552,0.06368368
1553,0.0021584323
1554,0.0003642345
1555,0.94935036
1556,0.9991437
1557,0.98396784
1558,0.00028480293
1559,0.0008547942
1560,0.00075213553
1561,0.9957039
1562,0.041836828
1563,0.4632817
1564,0.000738948
1565,0.48836008
1566,0.98656857
1567,0.0011686661
1568,0.94640815
1569,0.99951506
1570,0.99929476
1571,0.9649469
1572,0.0015408781
1573,0.99984646
1574,0.0045511057
1575,0.00069949514
1576,0.0015541309
1577,0.999206
1578,0.002414648
1579,0.060051605
1580,0.002464023
1581,0.99979013
1582,0.2087336
1583,0.65340924
1584,0.9316861
1585,0.00045533
1586,0.98855317
1587,0.99984646
1588,0.999713
1589,0.99956185
1590,0.0031734703
1591,0.88287735
1592,0.99814785
1593,0.0013963558
1594,0.018283734
1595,0.0026780039
1596,0.9997682
1597,0.0064068316
1598,0.14428882
1599,0.9961732
1600,0.8667613
1601,0.00035983557
1602,0.9994313
1603,0.095168464
1604,0.9674317
1605,0.9979918
1606,0.019386977
1607,0.0004974754
1608,0.92204136
1609,0.026100254
1610,0.0009497667
1611,0.9967182
1612,0.027652374
1613,0.9994646
1614,0.99538237
1615,0.0007363682
1616,0.40164438
1617,0.42912868
1618,0.79728526
1619,0.9996356
1620,0.99973065
1621,0.13687892
1622,0.0014373398
1623,0.005225415
1624,0.005874084
1625,0.00094441435
1626,0.9990107
1627,0.9702378
1628,0.9993612
1629,0.9980038
1630,0.9672898
1631,0.00041138896
1632,0.00034399258
1633,0.8155438
1634,0.015098523
1635,0.97251976
1636,0.67716825
1637,0.3206489
1638,0.9939307
1639,0.9998441
1640,0.19656011
1641,0.99400204
1642,0.0011879333
1643,0.0006930104
1644,0.9212007
1645,0.55819595
1646,0.0317889
1647,0.000281518
1648,0.9967704
1649,0.0087115085
1650,0.9990759
1651,0.16812448
1652,0.2774471
1653,0.00030795732
1654,0.9983935
1655,0.9378037
1656,0.99114096
1657,0.0071954294
1658,0.00027453894
1659,0.0022178811
1660,0.052275747
1661,0.99955994
1662,0.0005759307
1663,0.9946373
1664,0.0005947656
1665,0.9942899
1666,0.22702184
1667,0.0017945707
1668,0.020556085
1669,0.9995414
1670,0.38431966
1671,0.0061825947
1672,0.0003995849
1673,0.9988703
1674,0.0056892536
1675,0.00035409388
1676,0.00017119847
1677,0.002065937
1678,0.0048525543
1679,0.76880485
1680,0.9993606
1681,0.78307104
1682,0.02343984
1683,0.00029513717
1684,0.085389905
1685,0.86539227
1686,0.33699885
1687,0.99959487
1688,0.0003309014
1689,0.014150557
1690,0.0028546087
1691,0.0004741817
1692,0.19464934
1693,0.8996116
1694,0.00058828545
1695,0.9998047
1696,0.0301312
1697,0.99797934
1698,0.007561359
1699,0.00033604607
1700,0.9986265
1701,0.7014431
1702,0.99912626
1703,0.9940533
1704,0.9993894
1705,0.9855934
1706,0.00054036325
1707,0.026872717
1708,0.99916446
1709,0.00085510296
1710,0.02358655
1711,0.000337076
1712,0.99858296
1713,0.9989447
1714,0.043236118
1715,0.97296846
1716,0.001963724
1717,0.41814288
1718,0.4385483
1719,0.99924845
1720,0.62122023
1721,0.99981874
1722,0.99942905
1723,0.16464853
1724,0.19387378
1725,0.0011107441
1726,0.00053764984
1727,0.96744823
1728,0.53379905
1729,0.00030017275
1730,0.021183021
1731,0.9996259
1732,0.92450166
1733,0.00013877169
1734,0.98413384
1735,0.94633365
1736,0.9997336
1737,0.039734572
1738,0.9991186
1739,0.23548356
1740,0.99890995
1741,0.9991798
1742,0.9987747
1743,0.9997254
1744,0.0002771301
1745,0.24450555
1746,0.0022179605
1747,0.00018937529
1748,0.00066113425
1749,0.9984836
1750,0.40664884
1751,0.41451147
1752,0.99971694
1753,0.6719961
1754,0.0002081558
1755,0.00028332177
1756,0.14303206
1757,0.9987618
1758,0.99963176
1759,0.0002713936
1760,0.9997553
1761,0.9999069
1762,0.0003572706
1763,0.0018463694
1764,0.029110398
1765,0.99959546
1766,0.00021041548
1767,0.9987816
1768,0.00033229176
1769,0.021889955
1770,0.0071872557
1771,0.97736937
1772,0.00033948768
1773,0.9982981
1774,0.99775296
1775,0.99188894
1776,0.9991943
1777,0.9758783
1778,0.5248223
1779,0.006055217
1780,0.9996704
1781,0.9956857
1782,0.004839229
1783,0.99985945
1784,0.0005160767
1785,0.00053828285
1786,0.99906665
1787,0.0030642687
1788,0.00017175029
1789,0.9910665
1790,0.8575302
1791,0.0001947836
1792,0.99921834
1793,0.9606126
1794,0.0017617983
1795,0.00043910186
1796,0.00019356962
1797,0.9984732
1798,0.0002497816
1799,0.992595
1800,0.9990019
1801,0.9920344
1802,0.0086695
1803,0.9998374
1804,0.984035
1805,0.0007250375
1806,0.99953675
1807,0.9056332
1808,0.00074479653
1809,8.4775784e-05
1810,0.10624855
1811,0.9996406
1812,0.8006682
1813,0.49798778
1814,0.99919695
1815,0.9991405
1816,0.024872318
1817,0.9990332
1818,0.9820373
1819,0.99927026
1820,0.00054018945
1821,0.025578463
1822,0.003850199
1823,0.9987589
1824,0.04767067
1825,0.9979133
1826,0.99945766
1827,0.9984036
1828,0.8951346
1829,0.00028860287
1830,0.9985386
1831,0.9995166
1832,0.9992914
1833,0.9994419
1834,0.0029117796
1835,0.9996804
1836,0.9996593
1837,0.01299698
1838,0.004202477
1839,0.036117792
1840,0.9989812
1841,0.999509
1842,0.9839751
1843,0.9866622
1844,0.0046368805
1845,0.0029936982
1846,0.99965405
1847,0.41724214
1848,0.013671655
1849,0.8772004
1850,0.8289608
1851,0.0018175652
1852,0.0010248926
1853,0.99961084
1854,0.00055539416
1855,0.9943487
1856,0.0020692192
1857,0.9997408
1858,0.9792447
1859,0.90491664
1860,0.99975914
1861,0.009101738
1862,0.48451015
1863,0.49689022
1864,0.19010827
1865,0.0010989148
1866,0.0005600858
1867,0.0012001959
1868,0.00050122733
1869,0.9808363
1870,0.005103993
1871,0.9996309
1872,0.23255952
1873,0.018714905
1874,0.9970523
1875,0.9968303
1876,0.032913305
1877,0.99801445
1878,0.9995092
1879,0.21991268
1880,0.0024810089
1881,0.097939186
1882,0.99777126
1883,0.95994925
1884,0.0003100141
1885,0.74158084
1886,0.90360695
1887,0.9997819
1888,0.99704933
1889,0.9997025
1890,0.0044055954
1891,0.017814007
1892,0.008270644
1893,0.9948828
1894,0.06007417
1895,0.9997646
1896,0.0011359417
1897,0.9961898
1898,0.9988932
1899,0.9995435
1900,0.9936055
1901,0.99399155
1902,0.09414433
1903,0.00028280792
1904,0.9990971
1905,0.99660826
1906,0.6247159
1907,0.010490809
1908,0.9306571
1909,0.9904143
1910,0.0016231325
1911,0.01694623
1912,0.22688031
1913,0.2627002
1914,0.99674404
1915,0.00024979326
1916,0.005604344
1917,0.8305369
1918,0.99926394
1919,0.992657
1920,0.017461095
1921,0.00030613565
1922,0.002188011
1923,0.9996995
1924,0.969075
1925,0.00052487047
1926,0.00018080522
1927,0.99971014
1928,0.0023389072
1929,0.9930258
1930,0.990351
1931,0.017128332
1932,0.94105095
1933,0.9991767
1934,0.9993709
1935,0.9928156
1936,0.00016780595
1937,0.99933064
1938,0.00081509916
1939,0.0025612484
1940,0.024225892
1941,0.03519151
1942,0.9801043
1943,0.9996861
1944,0.9987888
1945,0.99961096
1946,0.9965243
1947,0.21711873
1948,0.0028805083
1949,0.0005477452
1950,0.9992254
1951,0.99974734
1952,0.9995291
1953,0.99650985
1954,0.01683761
1955,0.99635243
1956,0.9766332
1957,0.00034491764
1958,0.9306385
1959,0.6419322
1960,0.99821657
1961,0.7020687
1962,0.0022639364
1963,0.0004142387
1964,0.9993062
1965,0.0004945839
1966,0.9995977
1967,0.3268808
1968,0.95872575
1969,0.9995952
1970,0.90712386
1971,0.10982294
1972,0.02321618
1973,0.5240849
1974,0.00040030168
1975,0.043673832
1976,0.9769603
1977,0.9998311
1978,0.01517033
1979,0.00036415065
1980,0.099663846
1981,0.9993736
1982,0.00035341718
1983,0.5927404
1984,0.99953365
1985,0.9976941
1986,0.018077452
1987,0.9996332
1988,0.9986879
1989,0.0011530354
1990,0.7614809
1991,0.9515594
1992,0.99982613
1993,0.1938238
1994,0.014512531
1995,0.8039709
1996,0.00044385687
1997,0.00025577343
1998,0.9994362
1999,0.006546204
2000,0.03861818
2001,0.99970835
2002,0.003235385
2003,0.13616373
2004,0.8761199
2005,0.25260285
2006,0.00040165466
2007,0.9982003
2008,0.91565984
2009,0.042829134
2010,0.99947876
2011,0.9789106
2012,0.99920887
2013,0.0007654794
2014,0.057466127
2015,0.00076293637
2016,0.0003807614
2017,0.99971014
2018,0.0011541976
2019,0.87443876
2020,0.99745995
2021,0.00021356944
2022,0.00022316597
2023,0.86849993
2024,0.00044590965
2025,0.00018951672
2026,0.8791168
2027,0.99745864
2028,0.99954444
2029,0.9996879
2030,0.52731484
2031,0.99656665
2032,0.00071612967
2033,0.014367148
2034,0.0005282145
2035,0.98594695
2036,0.9996735
2037,0.0013486402
2038,0.34377688
2039,0.00078264857
2040,0.6160683
2041,0.98833746
2042,0.0009095208
2043,0.00029451709
2044,0.9996203
2045,0.7994695
2046,0.00015326179
2047,0.989528
2048,0.9976827
2049,0.009132595
2050,0.74565923
2051,0.97009706
2052,0.9988901
2053,0.9856448
2054,0.00080583023
2055,0.1530769
2056,0.00015590206
2057,0.9695039
2058,0.9958729
2059,0.037290145
2060,0.019101456
2061,0.02017392
2062,0.00030326587
2063,0.00030511557
2064,0.00034518045
2065,0.01599907
2066,0.000992252
2067,0.0023198042
2068,0.99961394
2069,0.99928826
2070,0.00022973593
2071,0.0014814903
2072,0.0076487693
2073,0.99954236
2074,0.0005419535
2075,0.000857989
2076,0.99862754
2077,0.99974495
2078,0.0002594648
2079,0.99330336
2080,0.0003449165
2081,0.05428753
2082,0.9992285
2083,0.9985942
2084,0.00048007682
2085,0.9987238
2086,0.001070894
2087,0.99946374
2088,0.0014039824
2089,0.21085308
2090,0.0016407087
2091,0.9994925
2092,0.42052335
2093,0.99758184
2094,0.9980356
2095,0.98079485
2096,0.0007022738
2097,0.9990853
2098,0.9531708
2099,0.9990771
2100,0.99878246
2101,0.001145498
2102,0.9995203
2103,0.99970955
2104,0.0033216984
2105,0.9455792
2106,0.20963539
2107,0.3821664
2108,0.9991198
2109,0.0010599282
2110,0.9916025
2111,0.9996891
2112,0.999767
2113,0.0003143004
2114,0.19179313
2115,0.9984333
2116,0.16143443
2117,0.016799023
2118,0.0006151306
2119,0.999736
2120,0.84461004
2121,0.9991856
2122,0.99657685
2123,0.9993499
2124,0.00021731907
2125,0.45124722
2126,0.9976675
2127,0.003972251
2128,0.9737631
2129,0.0004089932
2130,0.00898813
2131,0.023682777
2132,0.99899155
2133,0.040208057
2134,0.9751789
2135,0.9139811
2136,0.14534649
2137,0.0067876554
2138,0.0028911696
2139,0.0022622945
2140,0.9986426
2141,0.9998493
2142,0.9998215
2143,0.995994
2144,0.045944516
2145,0.9975193
2146,0.00033277491
2147,0.89467585
2148,0.0010802266
2149,0.0018652893
2150,0.001465276
2151,0.3459072
2152,0.87815726
2153,0.00058734283
2154,0.0007837289
2155,0.0044353106
2156,0.17716232
2157,0.84565413
2158,0.00041528407
2159,0.00044054788
2160,0.99940085
2161,0.9992581
2162,0.99895906
2163,0.0031349878
2164,0.14267327
2165,0.9863527
2166,0.9982509
2167,0.94108516
2168,0.075265765
2169,0.9956819
2170,0.9992975
2171,0.00019536095
2172,0.0061589493
2173,0.99969625
2174,0.50513834
2175,0.9692935
2176,0.0004926576
2177,0.018122934
2178,0.6651659
2179,0.99398476
2180,0.9995814
2181,0.041237812
2182,0.9969118
2183,0.95381325
2184,0.00020323775
2185,0.95454854
2186,0.99960405
2187,0.010142684
2188,0.16638453
2189,0.99894446
2190,0.00014569814
2191,0.90677184
2192,0.94633234
2193,0.00084997347
2194,0.0021997362
2195,0.08793662
2196,0.6833432
2197,0.9955739
2198,0.9993286
2199,0.00035032452
2200,0.9505154
2201,0.99956685
2202,0.056046583
2203,0.0010933601
2204,0.96328086
2205,0.16164355
2206,0.9982504
2207,0.9998405
2208,0.0006425912
2209,0.9970157
2210,0.0069768126
2211,0.00015774598
2212,0.81159157
2213,0.9979152
2214,0.9727017
2215,0.9991373
2216,0.93220115
2217,0.61778915
2218,0.007254675
2219,0.98826176
2220,0.0017133149
2221,0.9998241
2222,0.99984765
2223,0.9992981
2224,0.00060197245
2225,0.9937854
2226,0.9998273
2227,0.97541773
2228,0.9726883
2229,0.9978649
2230,0.012092329
2231,0.00039944416
2232,0.0004890157
2233,0.9995666
2234,0.0013112038
2235,0.3256319
2236,0.053979296
2237,0.01865871
2238,0.08312585
2239,0.9991394
2240,0.21554141
2241,0.0018780348
2242,0.9811571
2243,0.37142938
2244,0.0024350074
2245,0.00015655618
2246,0.41264495
2247,0.8813196
2248,0.99936754
2249,0.00015562239
2250,0.9997042
2251,0.9998135
2252,0.99647623
2253,0.9994802
2254,0.0003745006
2255,0.00044855007
2256,0.9990287
2257,0.99959797
2258,0.98467875
2259,0.09308513
2260,0.042795748
2261,0.33645573
2262,0.0006184307
2263,0.0005773938
2264,0.99165463
2265,0.00041699962
2266,0.00028402172
2267,0.9997371
2268,0.9995766
2269,0.99929833
2270,0.99243826
2271,0.00049707585
2272,0.9971096
2273,0.9997311
2274,0.9210183
2275,0.13571046
2276,0.9212408
2277,0.9996038
2278,0.044709373
2279,0.003192289
2280,0.00044834102
2281,0.99889684
2282,0.006247748
2283,0.9955503
2284,0.9620427
2285,0.97684425
2286,0.022341173
2287,0.99979764
2288,0.0004175388
2289,0.00067449256
2290,0.99975854
2291,0.00024089379
2292,0.9981415
2293,0.9959883
2294,0.00077307026
2295,0.9989248
2296,0.9994549
2297,0.9964618
2298,0.99930954
2299,0.99927443
2300,0.007088104
2301,0.00030341337
2302,0.0025146108
2303,0.9993445
2304,0.98856723
2305,0.029121196
2306,0.91333336
2307,0.99967897
2308,0.999681
2309,0.99958307
2310,0.79316723
2311,0.0051401085
2312,0.73287576
2313,0.9994562
2314,0.23114915
2315,0.0005320287
2316,0.022802673
2317,0.9385861
2318,0.0006434366
2319,0.0034724162
2320,0.9939016
2321,0.999509
2322,0.99940014
2323,0.08921465
2324,0.630531
2325,0.63733613
2326,0.9995396
2327,0.9910033
2328,0.00029326405
2329,0.000572617
2330,0.010216135
2331,0.9993838
2332,0.9951178
2333,0.00018693328
2334,0.99517244
2335,0.9986558
2336,0.8846163
2337,0.9861876
2338,0.99981457
2339,0.0003201618
2340,0.99981433
2341,0.898418
2342,0.0065180054
2343,0.5585062
2344,0.00083431037
2345,0.8291338
2346,0.7331165
2347,0.9971374
2348,0.99888927
2349,0.004024236
2350,0.99931204
2351,0.006283881
2352,0.99958426
2353,0.9130943
2354,0.86883205
2355,0.0010638143
2356,0.07102259
2357,0.83308643
2358,0.0005110433
2359,0.99896693
2360,0.999527
2361,0.99925596
2362,0.3321293
2363,0.9968201
2364,0.99981517
2365,0.9828712
2366,0.002297195
2367,0.8131583
2368,0.00031271958
2369,0.9989442
2370,0.0008261135
2371,0.99598324
2372,0.9998548
2373,0.009424557
2374,0.26177916
2375,0.16866696
2376,0.9989507
2377,0.99618065
2378,0.0005559214
2379,0.004468342
2380,0.0031873141
2381,0.99856216
2382,0.9523186
2383,0.08136255
2384,0.9974414
2385,0.0018103127
2386,0.00059079484
2387,0.9973494
2388,0.99558026
2389,0.5069792
2390,0.8440011
2391,0.20553108
2392,0.00014344795
2393,0.8929374
2394,0.00042118705
2395,0.6793217
2396,0.47964954
2397,0.98827595
2398,0.9988048
2399,0.9983063
2400,0.9994993
2401,0.9281894
2402,0.00078290334
2403,0.0040777856
2404,0.2637737
2405,0.00030222043
2406,0.99863535
2407,0.0004267388
2408,0.0028290986
2409,0.77079326
2410,0.00012272326
2411,0.57470447
2412,0.9995521
2413,0.99983025
2414,0.88999444
2415,0.9968021
2416,0.166668
2417,0.99957544
2418,0.000245508
2419,0.1175585
2420,0.16616714
2421,0.008448103
2422,0.9968629
2423,0.092816204
2424,0.0003719442
2425,0.0011739486
2426,0.001951852
2427,0.116856806
2428,0.00047046642
2429,0.005100675
2430,0.602573
2431,0.0010363458
2432,0.00078774214
2433,0.99912673
2434,0.13767509
2435,0.9508859
2436,0.002594622
2437,0.9997609
2438,0.00034905152
2439,0.2763951
2440,0.98627764
2441,0.00081895647
2442,0.99914134
2443,0.99801457
2444,0.9404389
2445,0.99932086
2446,0.00035703735
2447,0.00041357405
2448,0.99716216
2449,0.0048234873
2450,0.9930229
2451,0.78685504
2452,0.0015941004
2453,0.9995054
2454,0.042908695
2455,0.9992099
2456,0.02957821
2457,0.99777055
2458,0.43479863
2459,0.94284344
2460,0.9993649
2461,0.0020512345
2462,0.700737
2463,0.022723654
2464,0.78065807
2465,0.99710256
2466,0.0016121462
2467,0.9927983
2468,0.0041828477
2469,0.00017261007
2470,0.00016539141
2471,0.0061173053
2472,0.998694
2473,0.99837863
2474,0.99955493
2475,0.005294037
2476,0.99933594
2477,0.00033469088
2478,0.0010500052
2479,0.9946608
2480,0.9983253
2481,0.015925989
2482,0.999137
2483,0.99458224
2484,0.997537
2485,0.999788
2486,0.0014894351
2487,0.061298188
2488,0.0007374549
2489,0.6739418
2490,0.99975544
2491,0.43219057
2492,0.9980551
2493,0.00023927062
2494,0.26508686
2495,0.009135025
2496,0.8938681
2497,0.000115368086
2498,0.1551833
2499,0.9888883
2500,0.39763883
2501,0.99928814
2502,0.99971384
2503,0.92300445
2504,0.0010962224
2505,0.00068374997
2506,0.00021413935
2507,0.9992374
2508,0.51810515
2509,0.014731293
2510,0.00026611023
2511,0.9998116
2512,0.006877912
2513,0.9987025
2514,0.9996679
2515,0.99948347
2516,0.00027480893
2517,0.009079004
2518,0.00015035263
2519,0.0010457699
2520,0.996618
2521,0.053733587
2522,0.99965286
2523,0.9791398
2524,0.0044663865
2525,0.99957246
2526,0.9996462
2527,0.99975866
2528,0.0002569763
2529,0.9558282
2530,0.027764056
2531,0.0026956417
2532,0.9993406
2533,0.00037668977
2534,0.9992555
2535,0.6970286
2536,0.9933983
2537,0.865344
2538,0.9834297
2539,0.99944025
2540,0.9854183
2541,0.0559769
2542,0.99945873
2543,0.99984443
2544,0.99759275
2545,0.0008942113
2546,0.9997491
2547,0.00020418485
2548,0.0027777043
2549,0.97969246
2550,0.16266723
2551,0.9883807
2552,0.99953854
2553,0.9417284
2554,0.9995958
2555,0.00014751205
2556,0.91289324
2557,0.00034570342
2558,0.00061787514
2559,0.04037907
2560,0.0005359818
2561,0.9981598
2562,0.93817705
2563,0.00039505342
2564,0.9987943
2565,0.9423995
2566,0.9866023
2567,0.8137602
2568,0.99983025
2569,0.9997837
2570,0.9997844
2571,0.96360904
2572,0.0022877413
2573,0.23653947
2574,0.00064267876
2575,0.4726038
2576,0.99978715
2577,0.00023859131
2578,0.0005693633
2579,0.999132
2580,0.99930406
2581,0.99954045
2582,0.9996582
2583,0.15080823
2584,0.00040553647
2585,0.9895946
2586,0.0013374782
2587,0.00024960635
2588,0.00015031824
2589,0.038330376
2590,0.9994696
2591,0.00022706676
2592,0.9992453
2593,0.0018663051
2594,0.01968358
2595,0.05371853
2596,0.04034496
2597,0.14127894
2598,0.9970391
2599,0.99986494
2600,0.50696427
2601,0.99950147
2602,0.9981772
2603,0.005468214
2604,0.9455673
2605,0.99745196
2606,0.68550855
2607,0.0017938184
2608,0.17310111
2609,0.007417864
2610,0.9943364
2611,0.02544258
2612,0.00046587098
2613,0.9966133
2614,0.0013519503
2615,0.99984956
2616,0.9912237
2617,0.9996363
2618,0.038680147
2619,0.0010193804
2620,0.00057222333
2621,0.00041466422
2622,0.046969112
2623,0.00040973953
2624,0.09324868
2625,0.9960348
2626,0.9824154
2627,0.9995443
2628,0.00029627187
2629,0.9986117
2630,0.9989182
2631,0.9776594
2632,0.00022697757
2633,0.9988813
2634,0.0009417919
2635,0.0057119406
2636,0.0006373078
2637,0.0008998373
2638,0.9898839
2639,0.99796414
2640,0.0010328247
2641,0.9946824
2642,0.9972204
2643,0.9484723
2644,0.004773842
2645,0.9993599
2646,0.0016269308
2647,0.97541124
2648,0.0013851145
2649,0.9997749
2650,0.00011602562
2651,0.9980703
2652,0.9991641
2653,0.99966586
2654,0.9997248
2655,0.031121213
2656,0.00033167965
2657,0.56119305
2658,0.0003044719
2659,0.9993563
2660,0.9979266
2661,0.9976706
2662,0.29750246
2663,0.00021665412
2664,0.00021488874
2665,0.18915956
2666,0.00024000634
2667,0.48807493
2668,0.9996476
2669,0.99160975
2670,0.9576416
2671,0.04860368
2672,0.0057000318
2673,0.99979156
2674,0.002062298
2675,0.88686746
2676,0.9755348
2677,0.00025018508
2678,0.98178047
2679,0.06108232
2680,0.99980074
2681,0.33249322
2682,0.76819175
2683,0.99976915
2684,0.03706273
2685,0.000867308
2686,0.99966383
2687,0.990502
2688,0.88632053
2689,0.0011356821
2690,0.0011775717
2691,0.99358773
2692,0.9910807
2693,0.9979231
2694,0.0015819127
2695,0.99753463
2696,0.32266268
2697,0.23549508
2698,0.0006818999
2699,0.9011561
2700,0.9995153
2701,0.9976005
2702,0.021998152
2703,0.0021219158
2704,0.0006596982
2705,0.003756172
2706,0.11136378
2707,0.0007064093
2708,0.9985682
2709,0.99955803
2710,0.4797696
2711,0.99790025
2712,0.9994861
2713,0.17207356
2714,0.00034624865
2715,0.00095016946
2716,0.00035650522
2717,0.9997502
2718,0.09591236
2719,0.9995627
2720,0.9993789
2721,0.9983291
2722,0.00037169215
2723,0.9993376
2724,0.0033761791
2725,0.9824442
2726,0.00024978872
2727,0.9923109
2728,0.005428452
2729,0.004948301
2730,0.9971033
2731,0.9509396
2732,0.9961541
2733,0.99626654
2734,0.999493
2735,0.0003795052
2736,0.0003634639
2737,0.98634607
2738,0.99804795
2739,0.0037557096
2740,0.0013114773
2741,0.99957305
2742,0.91892165
2743,0.8337657
2744,0.42713323
2745,0.3762385
2746,0.013235065
2747,0.00040696128
2748,0.009489374
2749,0.9708529
2750,0.9466276
2751,0.2751761
2752,0.0016602734
2753,0.46125346
2754,0.93961906
2755,0.0014200055
2756,0.9984731
2757,0.0005695039
2758,0.0002515043
2759,0.999556
2760,0.86676437
2761,0.9947413
2762,0.99620545
2763,0.9997501
2764,0.0047389613
2765,0.00227058
2766,0.002692084
2767,0.0001366849
2768,0.0043894746
2769,0.9986577
2770,0.996846
2771,0.99727386
2772,0.42310992
2773,0.00052854687
2774,0.76561475
2775,0.99754566
2776,0.00022653867
2777,0.97174
2778,0.88796747
2779,0.00077547785
2780,0.99002457
2781,0.018551067
2782,0.83708715
2783,0.00023657051
2784,0.022150125
2785,0.8960919
2786,0.0018778446
2787,0.004231252
2788,0.17796099
2789,0.00035634008
2790,0.00029748274
2791,0.3576605
2792,0.9900383
2793,0.03816085
2794,0.00066589453
2795,0.91233486
2796,0.8706166
2797,0.9997762
2798,0.99949944
2799,0.002065357
2800,0.4554794
2801,0.26268846
2802,0.011184026
2803,0.0034842817
2804,0.990774
2805,0.9997285
2806,0.00014121152
2807,0.9840062
2808,0.9983699
2809,0.28196618
2810,0.99755883
2811,0.0011903016
2812,0.68432605
2813,0.005108887
2814,0.9456768
2815,0.9992483
2816,0.32985052
2817,0.68946904
2818,0.73376465
2819,0.9768461
2820,0.011777643
2821,0.0010701321
2822,0.99916184
2823,0.10402281
2824,0.9986242
2825,0.9224497
2826,0.00027169133
2827,0.036412686
2828,0.99601656
2829,0.00024539218
2830,0.9996333
2831,0.00045974902
2832,0.007510002
2833,0.87249875
2834,0.0003079441
2835,0.18166031
2836,0.9987943
2837,0.027328607
2838,0.8940389
2839,0.00020756955
2840,0.003641903
2841,0.9961671
2842,0.0012575268
2843,0.00024570472
2844,0.9992687
2845,0.57229817
2846,0.99274033
2847,0.00060302275
2848,0.0638309
2849,0.007106098
2850,0.26735148
2851,0.0008060257
2852,0.011373675
2853,0.999485
2854,0.99635714
2855,0.11041803
2856,0.00012771423
2857,0.00033707346
2858,0.13475488
2859,0.86707544
2860,0.57505697
2861,0.8371046
2862,0.9995945
2863,0.0006308805
2864,0.9993806
2865,0.99963117
2866,0.9271029
2867,0.9995648
2868,0.0065296195
2869,0.99402964
2870,0.99949396
2871,0.99965096
2872,0.0011686694
2873,0.9998894
2874,0.00064004486
2875,0.989972
2876,0.9995859
2877,0.98271734
2878,0.00062972924
2879,0.033637647
2880,0.67885673
2881,0.00063520274
2882,0.0003817937
2883,0.9261432
2884,0.0005600191
2885,0.01801567
2886,0.9843881
2887,0.9993212
2888,0.018813103
2889,0.9998448
2890,0.99662256
2891,0.42362878
2892,0.99896514
2893,0.00026613538
2894,0.9997812
2895,0.078289844
2896,0.9850183
2897,0.9998857
2898,0.00066675217
2899,0.99931145
2900,0.9852327
2901,0.8975514
2902,0.9925518
2903,0.00031934574
2904,0.9863196
2905,0.012136097
2906,0.058696717
2907,0.9990313
2908,0.008626184
2909,0.00034157807
2910,0.9952859
2911,0.0018655361
2912,0.00085126865
2913,0.02648753
2914,0.99711764
2915,0.0115459915
2916,0.4461047
2917,0.9980635
2918,0.9995098
2919,0.99956506
2920,0.9998783
2921,0.9999089
2922,0.9996275
2923,0.00029112655
2924,0.9997099
2925,0.98148215
2926,0.99948967
2927,0.057196956
2928,0.9972857
2929,0.999204
2930,0.997767
2931,0.9992537
2932,0.9993781
2933,0.99909484
2934,0.45915452
2935,0.253142
2936,0.0002596945
2937,0.99959034
2938,0.0059858775
2939,0.9955236
2940,0.9991788
2941,0.9994369
2942,0.11755922
2943,0.97538674
2944,0.00026763306
2945,0.011488957
2946,0.9117184
2947,0.9959513
2948,0.99966085
2949,0.0042599435
2950,0.9996433
2951,0.99921596
2952,0.00084729487
2953,0.9985337
2954,0.65402895
2955,0.99895644
2956,0.44659883
2957,0.0012525294
2958,0.9942145
2959,0.99971503
2960,0.9458624
2961,0.0014925139
2962,0.0005278587
2963,0.92399144
2964,0.99978584
2965,0.00056712294
2966,0.00065375195
2967,0.99861085
2968,0.84689146
2969,0.891866
2970,0.9997485
2971,0.9990068
2972,0.4222016
2973,0.84132177
2974,0.99763656
2975,0.9996848
2976,0.9997373
2977,0.7474983
2978,0.99979955
2979,0.999635
2980,0.00033712792
2981,0.00028090403
2982,0.00030244238
2983,0.00847847
2984,0.9988055
2985,0.23318142
2986,0.28675717
2987,0.9982338
2988,0.010658584
2989,0.00036793874
2990,0.0009973675
2991,0.9990687
2992,0.00026721135
2993,0.439882
2994,0.00075397914
2995,0.9973079
2996,0.18283682
2997,0.99222356
2998,0.000349202
2999,0.04020954
3000,0.0002993394
3001,0.00038847254
3002,0.62951976
3003,0.98355746
3004,0.9927475
3005,0.9996364
3006,0.9999069
3007,0.00030124153
3008,0.9997024
3009,0.8396146
3010,0.9415366
3011,0.0032808117
3012,0.0012302522
3013,0.02536972
3014,0.931465
3015,0.0002254432
3016,0.0001607232
3017,0.0003812196
3018,0.99856985
3019,0.9996983
3020,0.99603504
3021,0.99724257
3022,0.07942704
3023,0.063858524
3024,0.00024181769
3025,0.00030931822
3026,0.00069239124
3027,0.99935704
3028,0.9989371
3029,0.53067154
3030,0.00022305813
3031,0.9992817
3032,0.9964438
3033,0.999767
3034,0.5080219
3035,0.00061380176
3036,0.00064129656
3037,0.999723
3038,0.0030774889
3039,0.99966884
3040,0.00037740922
3041,0.00018502663
3042,0.9992716
3043,0.998319
3044,0.999252
3045,0.0042394325
3046,0.99105775
3047,0.51035196
3048,0.9990596
3049,0.9716315
3050,0.99944454
3051,0.8961824
3052,0.0013277314
3053,0.8681339
3054,0.0009628912
3055,0.00028779177
3056,0.9936336
3057,0.99974316
3058,0.9996519
3059,0.00013532683
3060,0.65133953
3061,0.00024078447
3062,0.99962103
3063,0.9958554
3064,0.9980263
3065,0.0002007946
3066,0.9979867
3067,0.0005487797
3068,0.99972886
3069,0.44500804
3070,0.99965405
3071,0.9829054
3072,0.0004968319
3073,0.9998338
3074,0.008482131
3075,0.6792621
3076,0.015086658
3077,0.96315265
3078,0.00055562105
3079,0.0004242961
3080,0.9990753
3081,0.9994192
3082,0.00021609462
3083,0.026730873
3084,0.14162362
3085,0.83204484
3086,0.9998105
3087,0.99693644
3088,0.9929454
3089,0.97825533
3090,0.9462047
3091,0.033117525
3092,0.9993407
3093,0.0007114174
3094,0.99946755
3095,0.10529417
3096,0.00022606507
3097,0.98453575
3098,0.99964976
3099,0.9030239
3100,0.99867886
3101,0.00030210437
3102,0.7925233
3103,0.0017243762
3104,0.15840714
3105,0.9989097
3106,0.0006082319
3107,0.117512286
3108,0.0003631034
3109,0.0090366835
3110,0.00046979464
3111,0.00068576285
3112,0.9860086
3113,0.9332369
3114,0.9517778
3115,0.99967337
3116,0.7109895
3117,0.8409227
3118,0.97633106
3119,0.0021088198
3120,0.0053440267
3121,0.012807878
3122,0.021215124
3123,0.96097374
3124,0.040156987
3125,0.9252117
3126,0.99970466
3127,0.99689853
3128,0.97877914
3129,0.995037
3130,0.99942446
3131,0.9921354
3132,0.99982315
3133,0.00023871598
3134,0.00011762283
3135,0.3394971
3136,0.0002842869
3137,0.38702735
3138,0.9995838
3139,0.99903667
3140,0.9991289
3141,0.00956973
3142,0.72901505
3143,0.030088175
3144,0.2585512
3145,0.999853
3146,0.9997085
3147,0.9985355
3148,0.99956375
3149,0.264791
3150,0.0001858933
3151,0.8889388
3152,0.99975604
3153,0.9972625
3154,0.9724449
3155,0.0068346406
3156,0.9992555
3157,0.99983704
3158,0.98824126
3159,0.99798065
3160,0.00055928645
3161,0.999648
3162,0.0007501467
3163,0.0050210143
3164,0.99874264
3165,0.00018995073
3166,0.0017173601
3167,0.9979473
3168,0.99798286
3169,0.9928629
3170,0.8396428
3171,0.99937314
3172,0.0010100247
3173,0.9996934
3174,0.99635005
3175,0.00055654836
3176,0.9993382
3177,0.0028283831
3178,0.9985821
3179,0.005376106
3180,0.99865365
3181,0.00060027686
3182,0.94914556
3183,0.961401
3184,0.9990675
3185,0.9998035
3186,0.9995036
3187,0.0003001753
3188,0.9995227
3189,0.99876934
3190,0.0033200395
3191,0.00078468723
3192,0.0053033233
3193,0.00029034624
3194,0.00024808766
3195,0.9983645
3196,0.8904086
3197,0.010564252
3198,0.00023996514
3199,0.009299565
3200,0.98438615
3201,0.9997439
3202,0.99980384
3203,0.92319125
3204,0.0010634692
3205,0.0024091273
3206,0.9992244
3207,0.9997198
3208,0.9984402
3209,0.009837893
3210,0.46183947
3211,0.9862228
3212,0.028577542
3213,0.0010472459
3214,0.9983602
3215,0.9992749
3216,0.9997775
3217,0.82999104
3218,0.8920554
3219,0.0033225038
3220,0.00029502632
3221,0.0008039155
3222,0.99469537
3223,0.98464507
3224,0.91709965
3225,0.9908427
3226,0.99984133
3227,0.35326958
3228,0.00019793569
3229,0.98670363
3230,0.9975297
3231,0.9939911
3232,0.9965647
3233,0.00020045068
3234,0.99898905
3235,0.17885157
3236,0.13543738
3237,0.11724655
3238,0.14489831
3239,0.999701
3240,0.9786718
3241,0.99730057
3242,0.0008093089
3243,0.98027736
3244,0.9993136
3245,0.9994349
3246,0.0010057281
3247,0.9346963
3248,0.01883307
3249,0.5101541
3250,0.0046680416
3251,0.0013936283
3252,0.9963381
3253,0.00018893523
3254,0.0015893264
3255,0.0047765346
3256,0.0010914053
3257,0.99759954
3258,0.9996253
3259,0.99017197
3260,0.19007817
3261,0.9995365
3262,0.7047352
3263,0.99942917
3264,0.99928916
3265,0.5309734
3266,0.8335692
3267,0.32569
3268,0.00027111947
3269,0.0006020273
3270,0.002945216
3271,0.9994873
3272,0.00035844705
3273,0.99909306
3274,0.9940843
3275,0.99029785
3276,0.17308794
3277,0.00028168285
3278,0.81860006
3279,0.99953914
3280,0.00036150045
3281,0.007125368
3282,0.00046811788
3283,0.999711
3284,0.9983625
3285,0.001221154
3286,0.765233
3287,0.9383463
3288,0.99948514
3289,0.27896821
3290,0.00037554474
3291,0.0004584025
3292,0.99964976
3293,0.00025935352
3294,0.31207165
3295,0.9995377
3296,0.99805
3297,0.40229484
3298,0.00034226326
3299,0.16639958
3300,0.0017330395
3301,0.00023094626
3302,0.00033831468
3303,0.99964774
3304,0.99905866
3305,0.00043498614
3306,0.0076450566
3307,0.0038225874
3308,0.99613273
3309,0.9990707
3310,0.99978715
3311,0.0028008912
3312,0.80891496
3313,0.39230198
3314,0.96217376
3315,0.262373
3316,0.000521693
3317,0.0010447805
3318,0.9989229
3319,0.9249558
3320,0.011881594
3321,0.9995704
3322,0.00071868865
3323,0.9989722
3324,0.0026052005
3325,0.9884427
3326,0.4630316
3327,0.99961853
3328,0.00037883452
3329,0.0018519908
3330,0.0010502808
3331,0.99455136
3332,0.028979704
3333,0.00032976645
3334,0.0021972875
3335,0.9992236
3336,0.53184193
3337,0.0004495076
3338,0.7182347
3339,0.99960464
3340,0.97385377
3341,0.9590914
3342,0.00044634155
3343,0.0013911957
3344,0.00054892694
3345,0.0002173597
3346,0.007801547
3347,0.96123487
3348,0.99794143
3349,0.9995437
3350,0.00024660054
3351,0.93025583
3352,0.0049306527
3353,0.99907625
3354,0.99850607
3355,0.9950536
3356,0.0077898223
3357,0.24878806
3358,0.17436375
3359,0.9984156
3360,0.98035276
3361,0.0011352072
3362,0.02532857
3363,0.00035540608
3364,0.9996929
3365,0.1684507
3366,0.9998332
3367,0.9922585
3368,0.92865115
3369,0.32094604
3370,0.9792589
3371,0.99845743
3372,0.9739943
3373,0.0043240064
3374,0.99846447
3375,0.74371225
3376,0.4212166
3377,0.00046012033
3378,0.0025389148
3379,0.9988201
3380,0.9955129
3381,0.9776478
3382,0.08382097
3383,0.9996958
3384,0.9990984
3385,0.99934155
3386,0.99970406
3387,0.03182587
3388,0.019094698
3389,0.9991968
3390,0.9856127
3391,0.99977845
3392,0.9997161
3393,0.0016005009
3394,0.00021443887
3395,0.0009240206
3396,0.99832195
3397,0.9799341
3398,0.99886656
3399,0.0027458419
3400,0.98759997
3401,0.98411775
3402,0.0052790623
3403,0.9669202
3404,0.0038267553
3405,0.000276671
3406,0.016189257
3407,0.9994635
3408,0.9938512
3409,0.00016910443
3410,0.03184096
3411,0.01823772
3412,0.3567622
3413,0.9992988
3414,0.51183206
3415,0.99812514
3416,0.0018841102
3417,0.0001300508
3418,0.99937385
3419,0.99696034
3420,0.00030165247
3421,0.9986223
3422,0.032580666
3423,0.9784241
3424,0.0024486387
3425,0.9997379
3426,0.01440543
3427,0.9989944
3428,0.9984945
3429,0.069702946
3430,0.9986505
3431,0.00014504207
3432,0.00074617617
3433,0.1252329
3434,0.9966595
3435,0.0031311158
3436,0.021089945
3437,0.22049654
3438,0.9996044
3439,0.000485597
3440,0.9995352
3441,0.9981542
3442,0.9994173
3443,0.99981815
3444,0.0008157515
3445,0.9996877
3446,0.9997298
3447,0.015958179
3448,0.018332886
3449,0.8495038
3450,0.9997609
3451,0.99954504
3452,0.23055989
3453,0.9984175
3454,0.00014058678
3455,0.9991173
3456,0.99838936
3457,0.0003209876
3458,0.2704508
3459,0.9992884
3460,0.99974626
3461,0.999642
3462,0.20017873
3463,0.00018577192
3464,0.99676126
3465,0.9992374
3466,0.00020651893
3467,0.24308279
3468,0.9980698
3469,0.99830985
3470,0.9962655
3471,0.33512175
3472,0.534556
3473,0.0002927093
3474,0.0003560633
3475,0.000993723
3476,0.988306
3477,0.077412546
3478,0.94902515
3479,0.7877653
3480,0.91267675
3481,0.9995937
3482,0.7656177
3483,0.12630524
3484,0.9898009
3485,0.0003485833
3486,0.076761305
3487,0.98294157
3488,0.99940956
3489,0.00026047512
3490,0.0011978699
3491,0.03956681
3492,0.19628134
3493,0.0008069002
3494,0.9990061
3495,0.98533475
3496,0.9970482
3497,0.99932635
3498,0.3664167
3499,0.65331167
3500,0.9996934
3501,0.99981195
3502,0.00041579787
3503,0.001250248
3504,0.99346244
3505,0.8177317
3506,0.00042023975
3507,0.9895404
3508,0.99974746
3509,0.99604946
3510,0.9799239
3511,0.0043166876
3512,0.99944514
3513,0.9918452
3514,0.9990922
3515,0.00015517697
3516,0.00020734109
3517,0.99787474
3518,0.9993092
3519,0.0002777369
3520,0.00062788517
3521,0.88275975
3522,0.7494494
3523,0.9995449
3524,0.21499117
3525,0.9989262
3526,0.99974257
3527,0.99938416
3528,0.9985649
3529,0.99532074
3530,0.0005894276
3531,0.9998404
3532,0.0017334463
3533,0.9606069
3534,0.99940753
3535,0.0038238459
3536,0.0012631647
3537,0.99978834
3538,0.99983084
3539,0.9979235
3540,0.93022
3541,0.9925338
3542,0.9326688
3543,0.04680116
3544,0.96556515
3545,0.00032129808
3546,0.0022959504
3547,0.981533
3548,0.9983101
3549,0.0009889831
3550,0.03728225
3551,0.9924867
3552,0.9982963
3553,0.00041599016
3554,0.998963
3555,0.5781423
3556,0.9992811
3557,0.0038874794
3558,0.12513304
3559,0.631916
3560,0.0002234317
3561,0.7882326
3562,0.0017254978
3563,0.99980193
3564,0.6281672
3565,0.0044783032
3566,0.98585516
3567,0.8433969
3568,0.99942917
3569,0.18337475
3570,0.0030481669
3571,0.7551711
3572,0.9817047
3573,0.008955819
3574,0.0059872987
3575,0.11569179
3576,0.00091649534
3577,0.92333966
3578,0.9985391
3579,0.9991685
3580,0.0011670259
3581,0.9013425
3582,0.999198
3583,0.9864005
3584,0.7682132
3585,0.9996619
3586,0.00041485042
3587,0.00038507025
3588,0.0011991125
3589,0.00032732423
3590,0.9758621
3591,0.00039689118
3592,0.0003163283
3593,0.9987457
3594,0.9995511
3595,0.0019137264
3596,0.9997836
3597,0.99940836
3598,0.9997912
3599,0.0014158646
3600,0.0012400362
3601,0.8442233
3602,0.87861884
3603,0.00026615796
3604,0.9419894
3605,0.0093929535
3606,0.99975675
3607,0.99810624
3608,0.003223808
3609,0.98977894
3610,0.98094374
3611,0.0016451511
3612,0.0032185337
3613,0.0008956997
3614,0.02727582
3615,0.016898397
3616,0.9973199
3617,0.000663255
3618,0.99917465
3619,0.63203067
3620,0.0006748623
3621,0.058464658
3622,0.93742514
3623,0.057083216
3624,0.9862048
3625,0.99962926
3626,0.85863703
3627,0.978277
3628,0.9957961
3629,0.00048199442
3630,0.00019759551
3631,0.99006784
3632,0.8853985
3633,0.9998685
3634,0.00016376049
3635,0.049686324
3636,0.07433661
3637,0.012701386
3638,0.013040439
3639,0.00017302565
3640,0.97141975
3641,0.003119055
3642,0.99758756
3643,0.3555689
3644,0.99473816
3645,0.917834
3646,0.13024777
3647,0.21060382
3648,0.9998173
3649,0.99965453
3650,0.9994043
3651,0.9998216
3652,0.41569555
3653,0.99863595
3654,0.0015957814
3655,0.001174476
3656,0.9930292
3657,0.9954159
3658,0.00038380735
3659,0.0006528392
3660,0.99972516
3661,0.00057292543
3662,0.9991103
3663,0.9645116
3664,0.00021558466
3665,0.9987896
3666,0.0011487845
3667,0.007548977
3668,0.037221678
3669,0.99690884
3670,0.00044014156
3671,0.8804529
3672,0.99868816
3673,0.08044141
3674,0.99541473
3675,0.0008079027
3676,0.058389317
3677,0.0006204229
3678,0.0019946052
3679,0.012621935
3680,0.014118445
3681,0.7764008
3682,0.7531732
3683,0.99966526
3684,0.023797084
3685,0.9892753
3686,0.28706402
3687,0.00045062584
3688,0.0037433554
3689,0.006811121
3690,0.35939732
3691,0.9997414
3692,0.0004111845
3693,0.9996031
3694,0.0023412637
3695,0.9822052
3696,0.00061503885
3697,0.0012153648
3698,0.97936696
3699,0.39590934
3700,0.98790914
3701,0.73183876
3702,0.00018388273
3703,0.87292856
3704,0.00018560197
3705,0.00025766078
3706,0.21791731
3707,0.9994929
3708,0.99969554
3709,0.0033413663
3710,0.27396744
3711,0.9980872
3712,0.97409296
3713,0.00031028877
3714,0.0011039759
3715,0.9996613
3716,0.9989177
3717,0.0015274625
3718,0.004891142
3719,0.044577852
3720,0.982723
3721,0.00024111713
3722,0.9313552
3723,0.00040411786
3724,0.9996189
3725,0.99120796
3726,0.9993886
3727,0.0003763366
3728,0.999556
3729,0.00049431244
3730,0.9949522
3731,0.25322682
3732,0.2993342
3733,0.16271852
3734,0.00044980185
3735,0.009006901
3736,0.30708718
3737,0.016542096
3738,0.00039731705
3739,0.0066619758
3740,0.35046765
3741,0.00033863835
3742,0.15999036
3743,0.76394457
3744,0.760921
3745,0.002334874
3746,0.00028429017
3747,0.0037565024
3748,0.9968823
3749,0.074404985
3750,0.907797
3751,0.003989871
3752,0.9985216
3753,0.00041607226
3754,0.0010105921
3755,0.9632784
3756,0.0061233994
3757,0.062271733
3758,0.6137913
3759,0.00035014955
3760,0.015278293
3761,0.0008216336
3762,0.9954972
3763,0.00042531514
3764,0.9995895
3765,0.0050859884
3766,0.0007028007
3767,0.99956685
3768,0.9796801
3769,0.99966335
3770,0.9986614
3771,0.00043571257
3772,0.019174084
3773,0.16975547
3774,0.9991954
3775,0.00088113756
3776,0.0006138661
3777,0.9997973
3778,0.00041357896
3779,0.44434798
3780,0.9996929
3781,0.89115804
3782,0.97643846
3783,0.002249023
3784,0.99987733
3785,0.9345661
3786,0.009135667
3787,0.2679174
3788,0.0005295592
3789,0.00030905
3790,0.80256194
3791,0.0018636069
3792,0.99842596
3793,0.0002671935
3794,0.007037243
3795,0.9957711
3796,0.00086099165
3797,0.00057529507
3798,0.0004230084
3799,0.99932826
3800,0.3202408
3801,0.000691468
3802,0.9996138
3803,0.9990299
3804,0.0006166809
3805,0.03795497
3806,0.00026547926
3807,0.00025009684
3808,0.00049939577
3809,0.00023047838
3810,0.0018586313
3811,0.999811
3812,0.0035196366
3813,0.99770135
3814,0.99960464
3815,0.0027844964
3816,0.0005926823
3817,0.95087653
3818,0.33470228
3819,0.26048228
3820,0.00026003664
3821,0.91377777
3822,0.9931937
3823,0.99905115
3824,0.0034252633
3825,0.99523383
3826,0.44092226
3827,0.00025927415
3828,0.39797917
3829,0.999374
3830,0.0021231186
3831,0.016184032
3832,0.9992962
3833,0.99958724
3834,0.61085856
3835,0.00031049622
3836,0.001020234
3837,0.9668413
3838,0.019672496
3839,0.99845934
3840,0.0019235206
3841,0.07788202
3842,0.99596006
3843,0.9987386
3844,0.0041722665
3845,0.92792684
3846,0.994344
3847,0.99877256
3848,0.5646237
3849,0.999843
3850,0.0371888
3851,0.98887306
3852,0.028682746
3853,0.92118436
3854,0.12928085
3855,0.998489
3856,0.99980813
3857,0.0019021746
3858,0.99927527
3859,0.004886349
3860,0.20742826
3861,0.0010468758
3862,0.023417048
3863,0.99914837
3864,0.70136726
3865,0.07184823
3866,0.99954873
3867,0.0009475722
3868,0.9993024
3869,0.94837755
3870,0.00024802427
3871,0.99896
3872,0.98121053
3873,0.0004725041
3874,0.9691621
3875,0.9997366
3876,0.9997776
3877,0.87601185
3878,0.00019514275
3879,0.20547014
3880,0.007965932
3881,0.99792033
3882,0.8162861
3883,0.99463505
3884,0.50515705
3885,0.00018947101
3886,0.9530097
3887,0.9997744
3888,0.9858337
3889,0.9997875
3890,0.00083190977
3891,0.00017899212
3892,0.9997303
3893,0.99383473
3894,0.99891615
3895,0.00026566585
3896,0.99909437
3897,0.9996468
3898,0.99981314
3899,0.9873236
3900,0.9997273
3901,0.0012477327
3902,0.00013172858
3903,0.0031149983
3904,0.9912042
3905,0.99729306
3906,0.00077978615
3907,0.06076151
3908,0.99957496
3909,0.027262278
3910,0.04482851
3911,0.03410669
3912,0.99989474
3913,0.029430186
3914,0.0016376738
3915,0.0065671196
3916,0.0029536365
3917,0.13971071
3918,0.19160075
3919,0.99982005
3920,0.99986315
3921,0.99946135
3922,0.8922739
3923,0.00018523757
3924,0.000637402
3925,0.9996051
3926,0.00034984457
3927,0.00052255945
3928,0.8469055
3929,0.9986563
3930,0.006973573
3931,0.0018715328
3932,0.999311
3933,0.9929502
3934,0.9564392
3935,0.99979466
3936,0.99337465
3937,0.00013653366
3938,0.00022187138
3939,0.9995247
3940,0.07481576
3941,0.9983748
3942,0.0820763
3943,0.99933475
3944,0.024600143
3945,0.0011229209
3946,0.023637986
3947,0.9989654
3948,0.060651284
3949,0.051756933
3950,0.0052629514
3951,0.92776805
3952,0.99951386
3953,0.0014597268
3954,0.99963784
3955,0.48150873
3956,0.9719753
3957,0.00022363418
3958,0.99468046
3959,0.00036643443
3960,0.0032443195
3961,0.43759182
3962,0.015407442
3963,0.9923388
3964,0.09144904
3965,0.9680979
3966,0.016730476
3967,0.9968161
3968,0.29535288
3969,0.0011486176
3970,0.90533054
3971,0.82785773
3972,0.00062561705
3973,0.9995993
3974,0.9099719
3975,0.0004869537
3976,0.00021999785
3977,0.004924368
3978,0.0037567466
3979,0.0009858537
3980,0.00032893845
3981,0.0006357388
3982,0.13314305
3983,0.2653918
3984,0.9664228
3985,0.01103369
3986,0.98089737
3987,0.9993349
3988,0.9947779
3989,0.051798336
3990,0.98768705
3991,0.9983436
3992,0.00046461544
3993,0.9929432
3994,0.00042614833
3995,0.9989348
3996,0.9997757
3997,0.9737458
3998,0.99262404
3999,0.018986698
4000,0.0017858325
4001,0.97559196
4002,0.99633265
4003,0.74253696
4004,0.16158518
4005,0.9997149
4006,0.99986684
4007,0.9996043
4008,0.9344523
4009,0.0009843301
4010,0.9991327
4011,0.0014460868
4012,0.99966574
4013,0.9966091
4014,0.99194336
4015,0.109008856
4016,0.09601493
4017,0.85393757
4018,0.9993679
4019,0.0025725279
4020,0.9986513
4021,0.007156572
4022,0.9997603
4023,0.9980579
4024,0.39916593
4025,0.9996767
4026,0.0016670782
4027,0.00058929506
4028,0.9997625
4029,0.011822921
4030,0.99871063
4031,0.99952304
4032,0.7495927
4033,0.9995466
4034,0.99982363
4035,0.88946307
4036,0.39195076
4037,0.999584
4038,0.0005073035
4039,0.00034510117
4040,0.4416032
4041,0.36587974
4042,0.013676054
4043,0.0037498449
4044,0.14740923
4045,0.00032376012
4046,0.00044372532
4047,0.9158098
4048,0.0004511775
4049,0.00019201044
4050,0.00041044864
4051,0.9996313
4052,0.9313729
4053,0.99977654
4054,0.00044149082
4055,0.11730101
4056,0.99949217
4057,0.98745465
4058,0.9969261
4059,0.2527703
4060,0.0005700649
4061,0.9984396
4062,0.00047149564
4063,0.0012275793
4064,0.9997764
4065,0.8990526
4066,0.000892354
4067,0.9940492
4068,0.99813336
4069,0.99793625
4070,0.998928
4071,0.9995771
4072,0.9978544
4073,0.7081084
4074,0.99978095
4075,0.011392945
4076,0.99960345
4077,0.99959236
4078,0.34367907
4079,0.9708308
4080,0.9996817
4081,0.9992279
4082,0.00019194528
4083,0.9619339
4084,0.99940884
4085,0.0013820423
4086,0.0017820632
4087,0.99961275
4088,0.13492885
4089,0.00031879544
4090,0.90732
4091,0.0011705038
4092,0.9955858
4093,0.99989736
4094,0.0027007717
4095,0.9990037
4096,0.7673376
4097,0.9984938
4098,0.00032327772
4099,0.000145266
4100,0.00023188157
4101,0.001585534
4102,0.023360303
4103,0.99939394
4104,0.08258436
4105,0.00020903471
4106,0.00013613587
4107,0.0004813842
4108,0.996015
4109,0.03172477
4110,0.9923717
4111,0.9941907
4112,0.6171977
4113,0.99955124
4114,0.003905912
4115,0.99740124
4116,0.8959613
4117,0.9962729
4118,0.9997004
4119,0.96831614
4120,0.0005979078
4121,0.99498785
4122,0.2505444
4123,0.9832697
4124,0.48455766
4125,0.99401516
4126,0.73438305
4127,0.018897003
4128,0.95272726
4129,0.9950256
4130,0.0004377615
4131,0.00020174647
4132,0.71376836
4133,0.011554598
4134,0.08247432
4135,0.9997516
4136,0.8611948
4137,0.00024405916
4138,0.80710167
4139,0.00034793027
4140,0.5138099
4141,0.0016696658
4142,0.99988675
4143,0.008977989
4144,0.99983823
4145,0.29490364
4146,0.081737235
4147,0.99924976
4148,0.001528155
4149,0.049406845
4150,0.15874377
4151,0.9828005
4152,0.99908376
4153,0.99979216
4154,0.9815669
4155,0.027249774
4156,0.009021162
4157,0.0004779281
4158,0.00022846049
4159,0.03733359
4160,0.6771196
4161,0.8797359
4162,0.017740188
4163,0.0011873664
4164,0.0003470699
4165,0.99966204
4166,0.99975044
4167,0.0050918935
4168,0.9997683
4169,0.0127661275
4170,0.976752
4171,0.9996846
4172,0.91877943
4173,0.7872861
4174,0.99258864
4175,0.00042092594
4176,0.03346434
4177,0.00033765173
4178,0.012972182
4179,0.002437158
4180,0.30529064
4181,0.08013311
4182,0.00043120564
4183,0.3302668
4184,0.99972564
4185,0.99833554
4186,0.9998128
4187,0.0001343781
4188,0.9995043
4189,0.00016072395
4190,0.00027753226
4191,0.9989196
4192,0.95256734
4193,0.70046693
4194,0.42379928
4195,0.0014250028
4196,0.0007258436
4197,0.001165036
4198,0.0015059457
4199,0.0018156784
4200,0.9996074
4201,0.00025889647
4202,0.00147146
4203,0.009164438
4204,0.9993026
4205,0.9997204
4206,0.00022150423
4207,0.9993112
4208,0.0013050553
4209,0.9908975
4210,0.81015337
4211,0.037306495
4212,0.0006421345
4213,0.9938601
4214,0.26124144
4215,0.07386816
4216,0.0014063182
4217,0.99961036
4218,0.00033060342
4219,0.9920399
4220,0.0017165762
4221,0.99783355
4222,0.0035158375
4223,0.017238673
4224,0.9973354
4225,0.75845563
4226,0.6962959
4227,0.9251382
4228,0.9994748
4229,0.0002160594
4230,0.99974674
4231,0.9988288
4232,0.9996252
4233,0.00014232773
4234,0.0015876348
4235,0.0011004206
4236,0.0074417344
4237,0.90907323
4238,0.0003289648
4239,0.00044306932
4240,0.00027843897
4241,0.00025558937
4242,0.00041255497
4243,0.99962294
4244,0.99953103
4245,0.0005212573
4246,0.19126473
4247,0.9902705
4248,0.9755422
4249,0.006117404
4250,0.37836516
4251,0.9995615
4252,0.9998017
4253,0.999569
4254,0.0005529823
4255,0.00051477505
4256,0.9987947
4257,0.00041781893
4258,0.00090104615
4259,0.00039445414
4260,0.0011599809
4261,0.92239195
4262,0.9985902
4263,0.0022118199
4264,0.0060610804
4265,0.9765718
4266,0.9984927
4267,0.9917352
4268,0.96646935
4269,0.9966581
4270,0.0013307489
4271,0.9990671
4272,0.00015479334
4273,0.9965262
4274,0.35826778
4275,0.29340762
4276,0.00027005657
4277,0.9997626
4278,0.0073080924
4279,0.931411
4280,0.0004390022
4281,0.0013924979
4282,0.9967618
4283,0.99949217
4284,0.005221644
4285,0.9979843
4286,0.99968493
4287,0.7974025
4288,0.98955745
4289,0.99851555
4290,0.05297647
4291,0.16680183
4292,0.97960806
4293,0.0013970581
4294,0.999742
4295,0.004922422
4296,0.0014656291
4297,0.9527611
4298,0.9998067
4299,0.9996761
4300,0.0010017257
4301,0.00032797898
4302,0.004587878
4303,0.99930644
4304,0.9996635
4305,0.41225153
4306,0.9990613
4307,0.0044010654
4308,0.999466
4309,0.0010899818
4310,0.9991197
4311,0.99948514
4312,0.0017387667
4313,0.98786235
4314,0.9989851
4315,0.023794223
4316,0.9961659
4317,0.07243811
4318,0.00028544798
4319,0.9990835
4320,0.0995568
4321,0.15264829
4322,0.99333924
4323,0.002743983
4324,0.00032698523
4325,0.99915314
4326,0.99970216
4327,0.97780347
4328,0.9984451
4329,0.0006525136
4330,0.0008246927
4331,0.99955875
4332,0.9990717
4333,0.9973526
4334,0.9796214
4335,0.0011555969
4336,0.9982493
4337,0.99921703
4338,0.9998766
4339,0.10178561
4340,0.00074699364
4341,0.9998523
4342,0.99961925
4343,0.99819857
4344,0.63041604
4345,0.9998018
4346,0.0016635259
4347,0.9996791
4348,0.01255051
4349,0.00042912006
4350,0.96557325
4351,0.00021842211
4352,0.98131794
4353,0.9290451
4354,0.9989973
4355,0.33383986
4356,0.00017840137
4357,0.8222565
4358,0.9974579
4359,0.00065734563
4360,0.86909586
4361,0.9995197
4362,0.9989735
4363,0.0031667962
4364,0.99910223
4365,0.013065919
4366,0.99967384
4367,0.00033578105
4368,0.70257264
4369,0.0003692628
4370,0.0068410006
4371,0.7739694
4372,0.99617755
4373,0.011104558
4374,0.9878457
4375,0.97715867
4376,0.028034195
4377,0.9915394
4378,0.1590435
4379,0.0003126507
4380,0.9837572
4381,0.88729316
4382,0.1674102
4383,0.10359449
4384,0.886873
4385,0.99649507
4386,0.9976683
4387,0.00981648
4388,0.99946684
4389,0.00037692883
4390,0.074919894
4391,0.0008229288
4392,0.95990765
4393,0.59512347
4394,0.00019347515
4395,0.9998721
4396,0.99940217
4397,0.0038284154
4398,0.00022222238
4399,0.0011442668
4400,0.9996567
4401,0.006934598
4402,0.99951494
4403,0.001645683
4404,0.9676756
4405,0.004473187
4406,0.9973621
4407,0.000181466
4408,0.9995652
4409,0.01737166
4410,0.0018502297
4411,0.9997476
4412,0.513576
4413,0.036304235
4414,0.71869075
4415,0.6879701
4416,0.00033254115
4417,0.99163693
4418,0.004021053
4419,0.9993624
4420,0.5625362
4421,0.9989479
4422,0.0007973163
4423,0.99948055
4424,0.008325926
4425,0.11697118
4426,0.21644022
4427,0.9995753
4428,0.9974827
4429,0.35041082
4430,0.0006300909
4431,0.9752568
4432,0.7720354
4433,0.0035448575
4434,0.003589011
4435,0.99988174
4436,0.9989581
4437,0.007848392
4438,0.9998227
4439,0.9970036
4440,0.99957615
4441,0.9995382
4442,0.00058151444
4443,0.0006082785
4444,0.001643965
4445,0.99817216
4446,0.9945642
4447,0.0019981356
4448,0.58407265
4449,0.9993543
4450,0.18971235
4451,0.17864536
4452,0.00074281817
4453,0.24476479
4454,0.00022070167
4455,0.6804097
4456,0.0009541107
4457,0.99976677
4458,0.96340954
4459,0.97988254
4460,0.0001879366
4461,0.11380569
4462,0.9998154
4463,0.00030086667
4464,0.0036505072
4465,0.9987029
4466,0.99851865
4467,0.9997874
4468,0.24029693
4469,0.0002887504
4470,0.9966241
4471,0.008489994
4472,0.99964786
4473,0.9997421
4474,0.9989398
4475,0.036561344
4476,0.99146456
4477,0.9960824
4478,0.05088659
4479,0.39030412
4480,0.9997191
4481,0.73786515
4482,0.054989103
4483,0.0012438062
4484,0.994155
4485,0.99920887
4486,0.99885774
4487,0.00050908467
4488,0.0003170481
4489,0.9973545
4490,0.99966586
4491,0.09836832
4492,0.9998078
4493,0.45214763
4494,0.99982554
4495,0.9520325
4496,0.99896026
4497,0.9958413
4498,0.99735105
4499,0.121469334
4500,0.99966156
4501,0.99528897
4502,0.00042035655
4503,0.08582507
4504,0.00026246867
4505,0.99975365
4506,0.08542265
4507,0.2490652
4508,0.999393
4509,0.0005501788
4510,0.8238801
4511,0.04864241
4512,0.96161497
4513,0.0026449251
4514,0.008932626
4515,0.014907883
4516,0.00090625056
4517,0.95921934
4518,0.9998574
4519,0.9993963
4520,0.9996717
4521,0.9985728
4522,0.34638605
4523,0.99678755
4524,0.41027856
4525,0.9986596
4526,0.99956185
4527,0.8539239
4528,0.9997956
4529,0.0035241449
4530,0.0009775357
4531,0.094939925
4532,0.0005027003
4533,0.99884367
4534,0.5592408
4535,0.9816151
4536,0.37147126
4537,0.0015260769
4538,0.99891055
4539,0.9995728
4540,0.00047710811
4541,0.0029792534
4542,0.99978644
4543,0.99890435
4544,0.99984455
4545,0.00070741307
4546,0.0012720011
4547,0.00026845007
4548,0.004164798
4549,0.0009030681
4550,0.54925925
4551,0.003525681
4552,0.90574634
4553,0.998705
4554,0.15078732
4555,0.5865058
4556,0.00020185711
4557,0.01860598
4558,0.993985
4559,0.012332237
4560,0.99924684
4561,0.99936396
4562,0.0022288468
4563,0.9375016
4564,0.9903392
4565,0.00035087735
4566,0.99969995
4567,0.037939627
4568,0.84547037
4569,0.0043936046
4570,0.99944144
4571,0.7686945
4572,0.9940801
4573,0.0018045384
4574,0.99869007
4575,0.99975747
4576,0.99898785
4577,0.0007258789
4578,0.00066596916
4579,0.993193
4580,0.986323
4581,0.5682874
4582,0.62771213
4583,0.00030703505
4584,0.9889788
4585,0.009640114
4586,0.99877757
4587,0.9944938
4588,0.058812458
4589,0.00039033996
4590,0.00054249517
4591,0.9983546
4592,0.00073286885
4593,0.00030165247
4594,0.9982039
4595,0.9963296
4596,0.079241075
4597,0.9989208
4598,0.9986393
4599,0.7218376
4600,0.00018984155
4601,0.98060846
4602,0.99883
4603,0.2852836
4604,0.0037647893
4605,0.0006386507
4606,0.9841649
4607,0.99907243
4608,0.033668615
4609,0.016577795
4610,0.9996712
4611,0.9973597
4612,0.8511516
4613,0.9720052
4614,0.9996946
4615,0.9967818
4616,0.00018376968
4617,0.19133869
4618,0.0009749296
4619,0.9967272
4620,0.9992686
4621,0.9997032
4622,0.54332924
4623,0.9998499
4624,0.89160496
4625,0.00027096854
4626,0.036765117
4627,0.0006458302
4628,0.0003462691
4629,0.9861158
4630,0.04354919
4631,0.00026885554
4632,0.99832994
4633,0.9996513
4634,0.29470074
4635,0.9518613
4636,0.9974929
4637,0.99938285
4638,0.00044014535
4639,0.00080156367
4640,0.73170763
4641,0.009224742
4642,0.9997062
4643,0.00042372133
4644,0.99854785
4645,0.9994795
4646,0.00021315117
4647,0.0030403447
4648,0.99974257
4649,0.9903634
4650,0.014582312
4651,0.99869174
4652,0.998516
4653,0.00033160503
4654,0.00031423868
4655,0.9117747
4656,0.999564
4657,0.74822915
4658,0.9997458
4659,0.01722962
4660,0.9997428
4661,0.44562158
4662,0.053835325
4663,0.34539044
4664,0.00059604185
4665,0.9477838
4666,0.00081834407
4667,0.99977463
4668,0.9998061
4669,0.7773421
4670,0.9943931
4671,0.37022394
4672,0.13951474
4673,0.9990657
4674,0.40493017
4675,0.00082928134
4676,0.99954885
4677,0.0004936916
4678,0.99953747
4679,0.10760328
4680,0.00045507247
4681,0.999708
4682,0.00025809524
4683,0.9991726
4684,0.00039825105
4685,0.80631137
4686,0.00063210767
4687,0.00045346055
4688,0.57419634
4689,0.02159031
4690,0.9996476
4691,0.00014301868
4692,0.02861647
4693,0.9975343
4694,0.00040034804
4695,0.0003925158
4696,0.0011450268
4697,0.998787
4698,0.06977233
4699,0.00027105561
4700,0.00034188185
4701,0.9996147
4702,0.9994553
4703,0.98796046
4704,0.99984694
4705,0.9956066
4706,0.9015592
4707,0.35999125
4708,0.99974483
4709,0.9995741
4710,0.99887973
4711,0.99974996
4712,0.013981639
4713,0.9835639
4714,0.87565404
4715,0.005100975
4716,0.9996325
4717,0.00039437914
4718,0.99561656
4719,0.9941847
4720,0.0002798516
4721,0.9970421
4722,0.98065084
4723,0.9972907
4724,0.98923445
4725,0.99737996
4726,0.80980927
4727,0.007518295
4728,0.00067310844
4729,0.001847455
4730,0.0006859351
4731,0.0005386437
4732,0.999739
4733,0.99424464
4734,0.9970396
4735,0.99905425
4736,0.9993734
4737,0.002581928
4738,0.9995534
4739,0.0004215554
4740,0.0005863813
4741,0.99973875
4742,0.999519
4743,0.000621373
4744,0.34024394
4745,0.0010108126
4746,0.8711297
4747,0.00054582994
4748,0.07617283
4749,0.007674731
4750,0.98963064
4751,0.9826287
4752,0.9811349
4753,0.012694272
4754,0.0001614294
4755,0.9992118
4756,0.03543661
4757,0.9982168
4758,0.010675863
4759,0.9993912
4760,0.50666577
4761,0.0002860626
4762,0.99206394
4763,0.00019423982
4764,0.998744
4765,0.9998466
4766,0.9996557
4767,0.9957768
4768,0.9968478
4769,0.99657047
4770,0.99371207
4771,0.99853134
4772,0.978529
4773,0.0006161859
4774,0.8119969
4775,0.0013771908
4776,0.011780823
4777,0.99495536
4778,0.96026874
4779,0.04698068
4780,0.36531243
4781,0.00020911744
4782,0.9980934
4783,0.7967336
4784,0.9949379
4785,0.87636775
4786,0.99736303
4787,0.0011263164
4788,0.0036048857
4789,0.00012156473
4790,0.99798477
4791,0.00080997933
4792,0.026629958
4793,0.9995734
4794,0.99975675
4795,0.999739
4796,0.9990969
4797,0.99975675
4798,0.99961156
4799,0.0010130313
4800,0.0014109684
4801,0.9985239
4802,0.999828
4803,0.79374063
4804,0.99905556
4805,0.99027526
4806,0.9959573
4807,0.0004281225
4808,0.99944514
4809,0.0057731695
4810,0.00085521827
4811,0.023008117
4812,0.9997154
4813,0.9996302
4814,0.0643369
4815,0.019290647
4816,0.49967822
4817,0.008908188
4818,0.8630312
4819,0.000392702
4820,0.90065503
4821,0.92262733
4822,0.94831
4823,0.75473154
4824,0.9558593
4825,0.9996809
4826,0.0061692875
4827,0.9981883
4828,0.0012154556
4829,0.9997422
4830,0.0044929893
4831,0.008268195
4832,0.00063403236
4833,0.9998122
4834,0.9997366
4835,0.997621
4836,0.99883837
4837,0.9998833
4838,0.18295515
4839,0.010798438
4840,0.013590233
4841,0.01671091
4842,0.99964225
4843,0.9990515
4844,0.9982218
4845,0.99884003
4846,0.001252888
4847,0.00016242481
4848,0.00047879425
4849,0.9370084
4850,0.99978155
4851,0.99910295
4852,0.0076890774
4853,0.9997714
4854,0.99910444
4855,0.9991923
4856,0.00042075588
4857,0.0013228959
4858,0.9992859
4859,0.85850185
4860,0.9798023
4861,0.9996753
4862,0.9953269
4863,0.9997323
4864,0.00050807855
4865,0.999433
4866,0.00092502875
4867,0.5696024
4868,0.8519222
4869,0.91712826
4870,0.988643
4871,0.00015414951
4872,0.092717394
4873,0.9989567
4874,0.9978483
4875,0.737338
4876,0.0017921465
4877,0.98472273
4878,0.00022283896
4879,0.00022135623
4880,0.9931526
4881,0.98576176
4882,0.9968606
4883,0.999608
4884,0.8339817
4885,0.0015749264
4886,0.00064137485
4887,0.9014721
4888,0.9989347
4889,0.53507495
4890,0.26673302
4891,0.09764146
4892,0.9987111
4893,0.0008987191
4894,0.9991216
4895,0.9993073
4896,0.9951003
4897,0.0020784845
4898,0.83390903
4899,0.0003098805
4900,0.40456143
4901,0.043141704
4902,0.5265401
4903,0.07097291
4904,0.000998091
4905,0.0111620305
4906,0.00030447016
4907,0.9803279
4908,0.9997912
4909,0.000999098
4910,0.38894424
4911,0.9998142
4912,0.9988481
4913,0.00026397168
4914,0.9994649
4915,0.8932883
4916,0.95477474
4917,0.009768219
4918,0.99981064
4919,0.00041889132
4920,0.99983096
4921,0.6676163
4922,0.9977487
4923,0.0011026547
4924,0.8803721
4925,0.96521765
4926,0.0047239573
4927,0.5366559
4928,0.0011999352
4929,0.0004989578
4930,0.99979776
4931,0.004113069
4932,0.035808247
4933,0.0059655774
4934,0.99851996
4935,0.98190844
4936,0.0095157195
4937,0.99965453
4938,0.0013416997
4939,0.99832803
4940,0.9106112
4941,0.0077645793
4942,0.050260983
4943,0.008126611
4944,0.99954945
4945,0.0010887702
4946,0.9976769
4947,0.9947855
4948,0.99973804
4949,0.35325345
4950,0.99890053
4951,0.9993975
4952,0.9958474
4953,0.0035924518
4954,0.86191064
4955,0.0006633603
4956,0.29749414
4957,0.9988669
4958,0.007702627
4959,0.99954754
4960,0.99933714
4961,0.99983716
4962,0.0006325413
4963,0.90815395
4964,0.85647863
4965,0.00021142745
4966,0.99954766
4967,0.004652181
4968,0.00026960534
4969,0.00024980897
4970,0.00044980872
4971,0.04657979
4972,0.9945142
4973,0.9997222
4974,0.0004702494
4975,0.9986727
4976,0.28615442
4977,0.9978611
4978,0.5264859
4979,0.0062635536
4980,0.0005482723
4981,0.9733329
4982,0.987333
4983,0.9992778
4984,0.91653293
4985,0.0031416514
4986,0.00036474635
4987,0.9996779
4988,0.014940501
4989,0.920653
4990,0.0013767725
4991,0.00050436816
4992,0.7770033
4993,0.99715984
4994,0.12663606
4995,0.9996171
4996,0.004205162
4997,0.0020213104
4998,0.15383041
4999,9.944001e-05
